Company,Contact Name,Contact Email,Contact Phone,Street Address,City,State,Zip / Postal,Country,Slips,Stage,Source,Segment,Tags,Notes,Next Step,Due Date,Deal Amount,Probability %,Hardware $,Software $,Services $,Value Driver,Est. Pedestals,Est. Slips Impacted,Est. Close Date,Competitors,Created At,Industry,Relationship Type,Conversion Target,Research Status,Added By Enrichment,Power Service Found,30A Shore Power,50A+ Shore Power,Fuel Dock,Pumpout,Transient Moorage,Marina Size / Moorage Notes,Primary Source URL,Additional Source URLs,Research Notes,QA Confidence,Last Researched,Address Source URL,Address Research Status,Address Confidence
Shelter Bay Marina (West Kelowna),Jennifer Braam (Jenni),shelterbay@rmdgroup.com,250-769-0571,2796 Benedick Road area / Shelter Bay waterfront,West Kelowna,British Columbia,V1Z 1T9,CA,480,contacted,Website / CRM call,Marina,,"Original call in 2025 with Lorraine,

I spoke to Jenny, the marina manager at Shelter Bay Marina  in Kelowna 250-769-0571. She has 2 pedestals that she is looking to replace shortly but is eventually looking to replace 36 pedestals on 2 docks( 18 /dock) with 30 Amp  on both sides( 2 receptacles) .They have 5 additional docks that they will need pedestals for down the road as they are looking to expand and double the size of their docks. I gave her a basic overview of the pilot program and dashboard. Here is the marina map . If someone on the team could reach out to let her know if we could sign her on to the pilot program or if she would need to be on a wait list. Sanad spoke with her after this last summer and stopped by at her marina on his way back from Shuswap. Jenni was awesome (but not decision maker (RMD group)? Would need to get in front of her decision makers. Would be phased approach.",Visit in person with Jenni,Thu May 28 2026 00:00:00 GMT+0000 (Coordinated Universal Time),,,,,,modernization,240,480,,They have home made plastic pvc as pedestals.,Tue May 19 2026 18:34:07 GMT+0000 (Coordinated Universal Time),marine,customer_prospect,,existing - enriched from web,No,Existing 30A prospect need noted in CRM; official source confirms 480 boats/yachts up to 55 ft.,Likely / CRM-confirmed need,Unknown,Unknown,Unknown,Unknown,480 boats/yachts up to 55 ft; expansion/modernization opportunity already noted in CRM.,https://www.shelterbaymarina.com/,https://www.shelterbaymarina.com/moorage/,Existing VoltSafe lead. Retained CRM notes and added official size validation.,high,2026-05-21,https://www.shelterbaymarina.com/,Populated from Real estate listing references Shelter Bay proximity; exact marina street needs final operator confirmation,low
AHOUSAHT HARBOUR AUTHORITY,Marina Contact,,,General Delivery,Regional District of Alberni-Clayoquot,British Columbia,V0R 1A0,CA,-,new,marina_directory,,,,,,,,,,,,,,,,Sat Feb 28 2026 03:36:37 GMT+0000 (Coordinated Universal Time),marine,,,existing - not individually reverified,No,,,,,,,,https://www.predictwind.com/marinas/canada/british-columbia,,Existing CRM row carried forward; not individually enriched in this first pass.,low,2026-05-21,https://www.predictwind.com/marinas/canada/british-columbia,Populated from PredictWind BC marina directory,high
Alder Bay RV Park & Marina,Marina Contact,,,1 Alder Bay Road,Regional District of Mount Waddington,British Columbia,V0N 2R0,CA,-,new,marina_directory,,,,,,,,,,,,,,,,Sat Feb 28 2026 03:36:37 GMT+0000 (Coordinated Universal Time),marine,,,existing - not individually reverified,No,,,,,,,,https://vancouverislandnorth.ca/stakeholder/alder-bay-rv-park-marina/,,Existing CRM row carried forward; not individually enriched in this first pass.,low,2026-05-21,https://vancouverislandnorth.ca/stakeholder/alder-bay-rv-park-marina/,Populated from Vancouver Island North / Alder Bay official contact,high
Alert Bay Harbour,Marina Contact,,,,Regional District of Mount Waddington,British Columbia,,CA,-,new,marina_directory,,,,,,,,,,,,,,,,Sat Feb 28 2026 03:36:37 GMT+0000 (Coordinated Universal Time),marine,,,existing - not individually reverified,No,,,,,,,,,,Existing CRM row carried forward; not individually enriched in this first pass.,low,2026-05-21,,Not populated in this pass - needs manual web/phone verification,
Anchorage Marina Village,Marina Contact,,,BC-1,Regional District of Nanaimo,British Columbia,V9S 4E1,CA,-,new,marina_directory,,,,,,,,,,,,,,,,Sat Feb 28 2026 03:36:37 GMT+0000 (Coordinated Universal Time),marine,,,existing - not individually reverified,No,,,,,,,,https://www.predictwind.com/marinas/canada/british-columbia,,Existing CRM row carried forward; not individually enriched in this first pass.,low,2026-05-21,https://www.predictwind.com/marinas/canada/british-columbia,Populated from PredictWind BC marina directory,medium
Anglers Anchorage Marina,Marina Contact,,,,Brentwood Bay,British Columbia,,CA,-,new,marina_directory,,,,,,,,,,,,,,,,Sat Feb 28 2026 03:36:37 GMT+0000 (Coordinated Universal Time),marine,,,existing - not individually reverified,No,,,,,,,,,,Existing CRM row carried forward; not individually enriched in this first pass.,low,2026-05-21,,Not populated in this pass - needs manual web/phone verification,
April Point Marina,Marina Contact,,,,Strathcona Regional District,British Columbia,,CA,-,new,marina_directory,,,,,,,,,,,,,,,,Sat Feb 28 2026 03:36:37 GMT+0000 (Coordinated Universal Time),marine,,,existing - not individually reverified,No,,,,,,,,,,Existing CRM row carried forward; not individually enriched in this first pass.,low,2026-05-21,,Not populated in this pass - needs manual web/phone verification,
Backeddy Resort & Marina,Marina Contact,,,,Sunshine Coast Regional District,British Columbia,,CA,-,new,marina_directory,,,,,,,,,,,,,,,,Sat Feb 28 2026 03:36:37 GMT+0000 (Coordinated Universal Time),marine,,,existing - not individually reverified,No,,,,,,,,,,Existing CRM row carried forward; not individually enriched in this first pass.,low,2026-05-21,,Not populated in this pass - needs manual web/phone verification,
Bamfield East Dock,Marina Contact,,,,Regional District of Alberni-Clayoquot,British Columbia,,CA,-,new,marina_directory,,,,,,,,,,,,,,,,Sat Feb 28 2026 03:36:37 GMT+0000 (Coordinated Universal Time),marine,,,existing - not individually reverified,No,,,,,,,,,,Existing CRM row carried forward; not individually enriched in this first pass.,low,2026-05-21,,Not populated in this pass - needs manual web/phone verification,
Bathgate's Store & Marina,Marina Contact,,,,Sunshine Coast Regional District,British Columbia,,CA,-,new,marina_directory,,,,,,,,,,,,,,,,Sat Feb 28 2026 03:36:37 GMT+0000 (Coordinated Universal Time),marine,,,existing - not individually reverified,No,,,,,,,,,,Existing CRM row carried forward; not individually enriched in this first pass.,low,2026-05-21,,Not populated in this pass - needs manual web/phone verification,
Bayshore West Marina,Marina Contact,,,,Metro Vancouver Regional District,British Columbia,,CA,-,new,marina_directory,,,,,,,,,,,,,,,,Sat Feb 28 2026 03:36:37 GMT+0000 (Coordinated Universal Time),marine,,,existing - not individually reverified,No,,,,,,,,,,Existing CRM row carried forward; not individually enriched in this first pass.,low,2026-05-21,,Not populated in this pass - needs manual web/phone verification,
Beach Gardens Resort & Marina,Marina Contact,,,,Powell River Regional District,British Columbia,,CA,-,new,marina_directory,,,,,,,,,,,,,,,,Sat Feb 28 2026 03:36:37 GMT+0000 (Coordinated Universal Time),marine,,,existing - not individually reverified,No,,,,,,,,,,Existing CRM row carried forward; not individually enriched in this first pass.,low,2026-05-21,,Not populated in this pass - needs manual web/phone verification,
Becher Bay Marina Ltd,Marina Contact,,,241 Becher Bay Rd,Capital Regional District,British Columbia,V9Z 1B7,CA,-,new,marina_directory,,,,,,,,,,,,,,,,Sat Feb 28 2026 03:36:37 GMT+0000 (Coordinated Universal Time),marine,,,existing - not individually reverified,No,,,,,,,,https://www.predictwind.com/marinas/canada/british-columbia,,Existing CRM row carried forward; not individually enriched in this first pass.,low,2026-05-21,https://www.predictwind.com/marinas/canada/british-columbia,Populated from PredictWind BC marina directory,high
Bella Coola Harbour,Marina Contact,,,,Central Coast Regional District,British Columbia,,CA,-,new,marina_directory,,,,,,,,,,,,,,,,Sat Feb 28 2026 03:36:37 GMT+0000 (Coordinated Universal Time),marine,,,existing - not individually reverified,No,,,,,,,,,,Existing CRM row carried forward; not individually enriched in this first pass.,low,2026-05-21,,Not populated in this pass - needs manual web/phone verification,
Black Rock Landing,Marina Contact,,,,Regional District of Alberni-Clayoquot,British Columbia,,CA,-,new,marina_directory,,,,,,,,,,,,,,,,Sat Feb 28 2026 03:36:37 GMT+0000 (Coordinated Universal Time),marine,,,existing - not individually reverified,No,,,,,,,,,,Existing CRM row carried forward; not individually enriched in this first pass.,low,2026-05-21,,Not populated in this pass - needs manual web/phone verification,
Blind Channel Resort,Marina Contact,,,,Strathcona Regional District,British Columbia,,CA,2000 ft dock,new,marina_directory,,,,,,,,,,,,,,,,Sat Feb 28 2026 03:36:37 GMT+0000 (Coordinated Universal Time),marine,,,existing - enriched from web,No,15A / 30A / 50A,Yes,Yes,Yes,Unknown,Yes,"2,000 ft of dock space; 15/30/50A service listed.",https://www.predictwind.com/marinas/canada/british-columbia,,Sourced from PredictWind BC marina directory.,medium,2026-05-21,,Not populated in this pass - needs manual web/phone verification,
Blind Channel Resort- Marina,Marina Contact,,,,Strathcona Regional District,British Columbia,,CA,-,new,marina_directory,,,,,,,,,,,,,,,,Sat Feb 28 2026 03:36:37 GMT+0000 (Coordinated Universal Time),marine,,,existing - not individually reverified,No,,,,,,,,,,Existing CRM row carried forward; not individually enriched in this first pass.,low,2026-05-21,,Not populated in this pass - needs manual web/phone verification,
Bliss Landing Private Estates & Marina,Marina Contact,,,,Powell River Regional District,British Columbia,,CA,-,new,marina_directory,,,,,,,,,,,,,,,,Sat Feb 28 2026 03:36:37 GMT+0000 (Coordinated Universal Time),marine,,,existing - not individually reverified,No,,,,,,,,,,Existing CRM row carried forward; not individually enriched in this first pass.,low,2026-05-21,,Not populated in this pass - needs manual web/phone verification,
Blue Heron Marina Ltd,Marina Contact,,,1476 Pemberton Ave,Squamish-Lillooet Regional District,British Columbia,V8B 0K2,CA,-,new,marina_directory,,,,,,,,,,,,,,,,Sat Feb 28 2026 03:36:37 GMT+0000 (Coordinated Universal Time),marine,,,existing - not individually reverified,No,,,,,,,,https://www.predictwind.com/marinas/canada/british-columbia,,Existing CRM row carried forward; not individually enriched in this first pass.,low,2026-05-21,https://www.predictwind.com/marinas/canada/british-columbia,Populated from PredictWind BC marina directory,high
Bluenose Marina,Marina Contact,,,1765 Cowichan Bay Rd,Cowichan Valley Regional District,British Columbia,V0R 1N0,CA,-,new,marina_directory,,,,,,,,,,,,,,,,Sat Feb 28 2026 03:36:37 GMT+0000 (Coordinated Universal Time),marine,,,existing - not individually reverified,No,,,,,,,,https://www.predictwind.com/marinas/canada/british-columbia,,Existing CRM row carried forward; not individually enriched in this first pass.,low,2026-05-21,https://www.predictwind.com/marinas/canada/british-columbia,Populated from PredictWind BC marina directory,medium
Bowen Island Marina & The Pier,Marina Contact,,,,Metro Vancouver Regional District,British Columbia,,CA,-,new,marina_directory,,,,,,,,,,,,,,,,Sat Feb 28 2026 03:36:37 GMT+0000 (Coordinated Universal Time),marine,,,existing - not individually reverified,No,,,,,,,,,,Existing CRM row carried forward; not individually enriched in this first pass.,low,2026-05-21,,Not populated in this pass - needs manual web/phone verification,
Brentwood Bay Resort,Marina Contact,,,,Brentwood Bay,British Columbia,,CA,-,new,marina_directory,,,,,,,,,,,,,,,,Sat Feb 28 2026 03:36:37 GMT+0000 (Coordinated Universal Time),marine,,,existing - not individually reverified,No,,,,,,,,,,Existing CRM row carried forward; not individually enriched in this first pass.,low,2026-05-21,,Not populated in this pass - needs manual web/phone verification,
Bridges Marina,Marina Contact,,,,Delta,British Columbia,,CA,-,new,marina_directory,,,,,,,,,,,,,,,,Sat Feb 28 2026 03:36:37 GMT+0000 (Coordinated Universal Time),marine,,,existing - not individually reverified,No,,,,,,,,,,Existing CRM row carried forward; not individually enriched in this first pass.,low,2026-05-21,,Not populated in this pass - needs manual web/phone verification,
Burrard Civic Marina,Marina Contact,,,,Metro Vancouver Regional District,British Columbia,,CA,-,new,marina_directory,,,,,,,,,,,,,,,,Sat Feb 28 2026 03:36:37 GMT+0000 (Coordinated Universal Time),marine,,,existing - not individually reverified,No,,,,,,,,,,Existing CRM row carried forward; not individually enriched in this first pass.,low,2026-05-21,,Not populated in this pass - needs manual web/phone verification,
Burrard Yacht Club,Marina Contact,,,,Metro Vancouver Regional District,British Columbia,,CA,-,new,marina_directory,,,,,,,,,,,,,,,,Sat Feb 28 2026 03:36:37 GMT+0000 (Coordinated Universal Time),marine,,,existing - not individually reverified,No,,,,,,,,,,Existing CRM row carried forward; not individually enriched in this first pass.,low,2026-05-21,,Not populated in this pass - needs manual web/phone verification,
Canadian Princess Marina,Marina Contact,,,,Regional District of Alberni-Clayoquot,British Columbia,,CA,-,new,marina_directory,,,,,,,,,,,,,,,,Sat Feb 28 2026 03:36:37 GMT+0000 (Coordinated Universal Time),marine,,,existing - not individually reverified,No,,,,,,,,,,Existing CRM row carried forward; not individually enriched in this first pass.,low,2026-05-21,,Not populated in this pass - needs manual web/phone verification,
Canoe Cove Marina & Boatyard,Marina Contact,,,,Capital Regional District,British Columbia,,CA,-,new,marina_directory,,,,,,,,,,,,,,,,Sat Feb 28 2026 03:36:37 GMT+0000 (Coordinated Universal Time),marine,,,existing - not individually reverified,No,,,,,,,,,,Existing CRM row carried forward; not individually enriched in this first pass.,low,2026-05-21,,Not populated in this pass - needs manual web/phone verification,
Capital City Yacht Club,Marina Contact,,,,Capital Regional District,British Columbia,,CA,-,new,marina_directory,,,,,,,,,,,,,,,,Sat Feb 28 2026 03:36:37 GMT+0000 (Coordinated Universal Time),marine,,,existing - not individually reverified,No,,,,,,,,,,Existing CRM row carried forward; not individually enriched in this first pass.,low,2026-05-21,,Not populated in this pass - needs manual web/phone verification,
Captain's Cove Marina - Work Yard,Marina Contact,,,,Metro Vancouver Regional District,British Columbia,,CA,-,new,marina_directory,,,,,,,,,,,,,,,,Sat Feb 28 2026 03:36:37 GMT+0000 (Coordinated Universal Time),marine,,,existing - not individually reverified,No,,,,,,,,,,Existing CRM row carried forward; not individually enriched in this first pass.,low,2026-05-21,,Not populated in this pass - needs manual web/phone verification,
Cedar Grove Marina & Custom Yacht Sales,Marina Contact,,,,Capital Regional District,British Columbia,,CA,-,new,marina_directory,,,,,,,,,,,,,,,,Sat Feb 28 2026 03:36:37 GMT+0000 (Coordinated Universal Time),marine,,,existing - not individually reverified,No,,,,,,,,,,Existing CRM row carried forward; not individually enriched in this first pass.,low,2026-05-21,,Not populated in this pass - needs manual web/phone verification,
Centennial Park Boat Launch & Moorage,Marina Contact,,,,Regional District of Alberni-Clayoquot,British Columbia,,CA,-,new,marina_directory,,,,,,,,,,,,,,,,Sat Feb 28 2026 03:36:37 GMT+0000 (Coordinated Universal Time),marine,,,existing - not individually reverified,No,,,,,,,,,,Existing CRM row carried forward; not individually enriched in this first pass.,low,2026-05-21,,Not populated in this pass - needs manual web/phone verification,
Centennial Pier -Port Alberni,Marina Contact,,,,Regional District of Alberni-Clayoquot,British Columbia,,CA,-,new,marina_directory,,,,,,,,,,,,,,,,Sat Feb 28 2026 03:36:37 GMT+0000 (Coordinated Universal Time),marine,,,existing - not individually reverified,No,,,,,,,,,,Existing CRM row carried forward; not individually enriched in this first pass.,low,2026-05-21,,Not populated in this pass - needs manual web/phone verification,
Cheanuh Marina,Marina Contact,,,4901B East Sooke Rd,Capital Regional District,British Columbia,,CA,-,new,marina_directory,,,,,,,,,,,,,,,,Sat Feb 28 2026 03:36:37 GMT+0000 (Coordinated Universal Time),marine,,,existing - not individually reverified,No,,,,,,,,https://www.predictwind.com/marinas/canada/british-columbia,,Existing CRM row carried forward; not individually enriched in this first pass.,low,2026-05-21,https://www.predictwind.com/marinas/canada/british-columbia,Populated from PredictWind BC marina directory,medium
Cherry Point Marina,Marina Contact,,,1241 Sutherland Dr,Cowichan Valley Regional District,British Columbia,V0R 1N2,CA,-,new,marina_directory,,,,,,,,,,,,,,,,Sat Feb 28 2026 03:36:37 GMT+0000 (Coordinated Universal Time),marine,,,existing - not individually reverified,No,,,,,,,,https://www.predictwind.com/marinas/canada/british-columbia,,Existing CRM row carried forward; not individually enriched in this first pass.,low,2026-05-21,https://www.predictwind.com/marinas/canada/british-columbia,Populated from PredictWind BC marina directory,high
China Creek Campground and Marina,Marina Contact,,,,Regional District of Alberni-Clayoquot,British Columbia,,CA,88,new,marina_directory,,,,,,,,,,,,,,,,Sat Feb 28 2026 03:36:37 GMT+0000 (Coordinated Universal Time),marine,,,existing - enriched from web,No,Electrical service listed,Unknown,Unknown,Yes,Yes,Yes,"88-slip marina; electrical, pump-out, and fuel dock listed.",https://www.predictwind.com/marinas/canada/british-columbia,,,medium,2026-05-21,,Not populated in this pass - needs manual web/phone verification,
Clutesi Haven Marina,Marina Contact,,,,Regional District of Alberni-Clayoquot,British Columbia,,CA,165 vessels,new,marina_directory,,,,,,,,,,,,,,,,Sat Feb 28 2026 03:36:37 GMT+0000 (Coordinated Universal Time),marine,,,existing - enriched from web,No,Hydro / water listed,Unknown,Unknown,Unknown,Unknown,Yes,Protected public harbour; moorage for 165 vessels; hydro and water listed.,https://www.predictwind.com/marinas/canada/british-columbia,,,medium,2026-05-21,,Not populated in this pass - needs manual web/phone verification,
Coal Harbour Marina,Marina Contact,,,1525 Coal Harbour Quay,Metro Vancouver Regional District,British Columbia,V6G 3E7,CA,-,new,marina_directory,,,,,,,,,,,,,,,,Sat Feb 28 2026 03:36:37 GMT+0000 (Coordinated Universal Time),marine,,,existing - not individually reverified,No,,,,,,,,https://coalharbourmarina.com/,,Existing CRM row carried forward; not individually enriched in this first pass.,low,2026-05-21,https://coalharbourmarina.com/,Populated from Coal Harbour Marina public address,high
Coast Marina,Marina Contact,,,,Strathcona Regional District,British Columbia,,CA,-,new,marina_directory,,,,,,,,,,,,,,,,Sat Feb 28 2026 03:36:37 GMT+0000 (Coordinated Universal Time),marine,,,existing - enriched from web,No,30A,Yes,Unknown,,,Yes,30 amp power; max length 80 ft listed.,https://www.predictwind.com/marinas/canada/british-columbia,,,medium,2026-05-21,,Not populated in this pass - needs manual web/phone verification,
Coast Victoria Hotel & Marina,Marina Contact,,,146 Kingston St,Capital Regional District,British Columbia,V8V 1V4,CA,-,new,marina_directory,,,,,,,,,,,,,,,,Sat Feb 28 2026 03:36:37 GMT+0000 (Coordinated Universal Time),marine,,,existing - not individually reverified,No,,,,,,,,https://www.coasthotels.com/coast-victoria-hotel-and-marina-by-apa,,Existing CRM row carried forward; not individually enriched in this first pass.,low,2026-05-21,https://www.coasthotels.com/coast-victoria-hotel-and-marina-by-apa,Populated from Coast Victoria Hotel public address,high
Coho Marina Resort,Marina Contact,,,,Sunshine Coast Regional District,British Columbia,,CA,-,new,marina_directory,,,,,,,,,,,,,,,,Sat Feb 28 2026 03:36:37 GMT+0000 (Coordinated Universal Time),marine,,,existing - not individually reverified,No,,,,,,,,,,Existing CRM row carried forward; not individually enriched in this first pass.,low,2026-05-21,,Not populated in this pass - needs manual web/phone verification,
Comox Municipal Marina,Marina Contact,,,121 Port Augusta St,Comox Valley Regional District,British Columbia,V9M 3N8,CA,-,new,marina_directory,,,,,,,,,,,,,,,,Sat Feb 28 2026 03:36:37 GMT+0000 (Coordinated Universal Time),marine,,,existing - not individually reverified,No,,,,,,,,https://comox.ca/,,Existing CRM row carried forward; not individually enriched in this first pass.,low,2026-05-21,https://comox.ca/,Populated from Town of Comox marina public address,medium
Comox Valley Harbour Authority,Marina Contact,,,,Comox Valley Regional District,British Columbia,,CA,-,new,marina_directory,,,,,,,,,,,,,,,,Sat Feb 28 2026 03:36:37 GMT+0000 (Coordinated Universal Time),marine,,,existing - not individually reverified,No,,,,,,,,,,Existing CRM row carried forward; not individually enriched in this first pass.,low,2026-05-21,,Not populated in this pass - needs manual web/phone verification,
Cowbay Harbour,Marina Contact,,,,Skeena-Queen Charlotte Regional District,British Columbia,,CA,-,new,marina_directory,,,,,,,,,,,,,,,,Sat Feb 28 2026 03:36:37 GMT+0000 (Coordinated Universal Time),marine,,,existing - not individually reverified,No,,,,,,,,,,Existing CRM row carried forward; not individually enriched in this first pass.,low,2026-05-21,,Not populated in this pass - needs manual web/phone verification,
Cowichan Bay Fishermen's Wharf Assn,Marina Contact,,,1699 Cowichan Bay Rd,Cowichan Valley Regional District,British Columbia,V0R 1N0,CA,-,new,marina_directory,,,,,,,,,,,,,,,,Sat Feb 28 2026 03:36:37 GMT+0000 (Coordinated Universal Time),marine,,,existing - not individually reverified,No,,,,,,,,https://www.predictwind.com/marinas/canada/british-columbia,,Existing CRM row carried forward; not individually enriched in this first pass.,low,2026-05-21,https://www.predictwind.com/marinas/canada/british-columbia,Populated from PredictWind BC marina directory,high
Cowichan Bay Marina Ltd,Marina Contact,,,1721 Cowichan Bay Rd,Cowichan Valley Regional District,British Columbia,V0R 1N0,CA,-,new,marina_directory,,,,,,,,,,,,,,,,Sat Feb 28 2026 03:36:37 GMT+0000 (Coordinated Universal Time),marine,,,existing - not individually reverified,No,,,,,,,,https://www.predictwind.com/marinas/canada/british-columbia,,Existing CRM row carried forward; not individually enriched in this first pass.,low,2026-05-21,https://www.predictwind.com/marinas/canada/british-columbia,Populated from PredictWind BC marina directory,high
Crescent Beach Marina,Marina Contact,,,,Metro Vancouver Regional District,British Columbia,,CA,235,new,marina_directory,,,,,,,,,,,,,,,,Sat Feb 28 2026 03:36:37 GMT+0000 (Coordinated Universal Time),marine,,,existing - enriched from web,No,15A / 30A,Yes,No / not found,Unknown,Unknown,Yes,235 slips with 15/30 amp service listed.,https://www.predictwind.com/marinas/canada/british-columbia,,,medium,2026-05-21,,Not populated in this pass - needs manual web/phone verification,
Critter Cove Marina,Marina Contact,,,,Strathcona Regional District,British Columbia,,CA,-,new,marina_directory,,,,,,,,,,,,,,,,Sat Feb 28 2026 03:36:37 GMT+0000 (Coordinated Universal Time),marine,,,existing - not individually reverified,No,,,,,,,,,,Existing CRM row carried forward; not individually enriched in this first pass.,low,2026-05-21,,Not populated in this pass - needs manual web/phone verification,
Crofton Harbour,Marina Contact,,,,Cowichan Valley Regional District,British Columbia,,CA,-,new,marina_directory,,,,,,,,,,,,,,,,Sat Feb 28 2026 03:36:37 GMT+0000 (Coordinated Universal Time),marine,,,existing - not individually reverified,No,,,,,,,,,,Existing CRM row carried forward; not individually enriched in this first pass.,low,2026-05-21,,Not populated in this pass - needs manual web/phone verification,
Dawsons Landing Marina,Marina Contact,,,,Central Coast Regional District,British Columbia,,CA,-,new,marina_directory,,,,,,,,,,,,,,,,Sat Feb 28 2026 03:36:37 GMT+0000 (Coordinated Universal Time),marine,,,existing - not individually reverified,No,,,,,,,,,,Existing CRM row carried forward; not individually enriched in this first pass.,low,2026-05-21,,Not populated in this pass - needs manual web/phone verification,
DEEP BAY MARINA,Marina Contact,,,,Regional District of Nanaimo,British Columbia,,CA,-,new,marina_directory,,,,,,,,,,,,,,,,Sat Feb 28 2026 03:36:37 GMT+0000 (Coordinated Universal Time),marine,,,existing - not individually reverified,No,,,,,,,,,,Existing CRM row carried forward; not individually enriched in this first pass.,low,2026-05-21,,Not populated in this pass - needs manual web/phone verification,
Deep Cove Marina,Marina Contact,,,,Capital Regional District,British Columbia,,CA,-,new,marina_directory,,,,,,,,,,,,,,,,Sat Feb 28 2026 03:36:37 GMT+0000 (Coordinated Universal Time),marine,,,existing - not individually reverified,No,,,,,,,,,,Existing CRM row carried forward; not individually enriched in this first pass.,low,2026-05-21,,Not populated in this pass - needs manual web/phone verification,
DEEP COVE NORTH SHORE MARINA,Marina Contact,,,10990 Madrona Dr,North Vancouver,British Columbia,V7G 1B8,CA,-,new,marina_directory,,,,,,,,,,,,,,,,Sat Feb 28 2026 03:36:37 GMT+0000 (Coordinated Universal Time),marine,,,existing - not individually reverified,No,,,,,,,,https://deepcovemarina.com/,,Existing CRM row carried forward; not individually enriched in this first pass.,low,2026-05-21,https://deepcovemarina.com/,Populated from Deep Cove North Shore Marina public address,medium
Degnen Bay Government Wharf,Marina Contact,,,,Regional District of Nanaimo,British Columbia,,CA,-,new,marina_directory,,,,,,,,,,,,,,,,Sat Feb 28 2026 03:36:37 GMT+0000 (Coordinated Universal Time),marine,,,existing - not individually reverified,No,,,,,,,,,,Existing CRM row carried forward; not individually enriched in this first pass.,low,2026-05-21,,Not populated in this pass - needs manual web/phone verification,
DelKatla Slough Harbour Authority,Marina Contact,,,,Skeena-Queen Charlotte Regional District,British Columbia,,CA,-,new,marina_directory,,,,,,,,,,,,,,,,Sat Feb 28 2026 03:36:37 GMT+0000 (Coordinated Universal Time),marine,,,existing - not individually reverified,No,,,,,,,,,,Existing CRM row carried forward; not individually enriched in this first pass.,low,2026-05-21,,Not populated in this pass - needs manual web/phone verification,
Denham Bay Wilderness Retreat,Marina Contact,,,,Strathcona Regional District,British Columbia,,CA,-,new,marina_directory,,,,,,,,,,,,,,,,Sat Feb 28 2026 03:36:37 GMT+0000 (Coordinated Universal Time),marine,,,existing - not individually reverified,No,,,,,,,,,,Existing CRM row carried forward; not individually enriched in this first pass.,low,2026-05-21,,Not populated in this pass - needs manual web/phone verification,
Dent Island Lodge,Marina Contact,,,,Strathcona Regional District,British Columbia,,CA,-,new,marina_directory,,,,,,,,,,,,,,,,Sat Feb 28 2026 03:36:37 GMT+0000 (Coordinated Universal Time),marine,,,existing - enriched from web,No,15A / 30A / 50A / 100A,Yes,Yes,Unknown,Unknown,Yes,15/30/50/100 amp service listed.,https://www.predictwind.com/marinas/canada/british-columbia,,,medium,2026-05-21,,Not populated in this pass - needs manual web/phone verification,
Discovery Harbour Authority,Marina Contact,,,,Strathcona Regional District,British Columbia,,CA,-,new,marina_directory,,,,,,,,,,,,,,,,Sat Feb 28 2026 03:36:37 GMT+0000 (Coordinated Universal Time),marine,,,existing - not individually reverified,No,,,,,,,,,,Existing CRM row carried forward; not individually enriched in this first pass.,low,2026-05-21,,Not populated in this pass - needs manual web/phone verification,
Duncanby Lodge & Marina,Marina Contact,,,,Central Coast Regional District,British Columbia,,CA,-,new,marina_directory,,,,,,,,,,,,,,,,Sat Feb 28 2026 03:36:37 GMT+0000 (Coordinated Universal Time),marine,,,existing - enriched from web,No,30A / 50A,Yes,Yes,Yes,Unknown,Yes,30/50 amp service and fuel listed.,https://www.predictwind.com/marinas/canada/british-columbia,,,medium,2026-05-21,,Not populated in this pass - needs manual web/phone verification,
"Duncanby Lodge & Marina, Rivers Inlet, BC",Marina Contact,,,,Central Coast Regional District,British Columbia,,CA,-,new,marina_directory,,,,,,,,,,,,,,,,Sat Feb 28 2026 03:36:37 GMT+0000 (Coordinated Universal Time),marine,,,existing - not individually reverified,No,,,,,,,,,,Existing CRM row carried forward; not individually enriched in this first pass.,low,2026-05-21,,Not populated in this pass - needs manual web/phone verification,
Eagle Nook Resort,Marina Contact,,,,Regional District of Alberni-Clayoquot,British Columbia,,CA,-,new,marina_directory,,,,,,,,,,,,,,,,Sat Feb 28 2026 03:36:37 GMT+0000 (Coordinated Universal Time),marine,,,existing - not individually reverified,No,,,,,,,,,,Existing CRM row carried forward; not individually enriched in this first pass.,low,2026-05-21,,Not populated in this pass - needs manual web/phone verification,
Echo Bay Marina and Lodge Status,Marina Contact,,,,Echo Bay,British Columbia,,CA,-,new,marina_directory,,,,,,,,,,,,,,,,Sat Feb 28 2026 03:36:37 GMT+0000 (Coordinated Universal Time),marine,,,existing - enriched from web,No,15A / 30A,Yes,No / not found,Unknown,Unknown,Yes,15/30 amp service listed.,https://www.predictwind.com/marinas/canada/british-columbia,,,medium,2026-05-21,,Not populated in this pass - needs manual web/phone verification,
Fair Harbour Marina and Campground,Marina Contact,,,,Strathcona Regional District,British Columbia,,CA,-,new,marina_directory,,,,,,,,,,,,,,,,Sat Feb 28 2026 03:36:37 GMT+0000 (Coordinated Universal Time),marine,,,existing - not individually reverified,No,,,,,,,,,,Existing CRM row carried forward; not individually enriched in this first pass.,low,2026-05-21,,Not populated in this pass - needs manual web/phone verification,
Fairwinds Marina,Marina Contact,,,3521 Dolphin Dr,Regional District of Nanaimo,British Columbia,V9P 9K1,CA,-,new,marina_directory,,,,,,,,,,,,,,,,Sat Feb 28 2026 03:36:37 GMT+0000 (Coordinated Universal Time),marine,,,existing - not individually reverified,No,,,,,,,,https://fairwinds.ca/marina/,,Existing CRM row carried forward; not individually enriched in this first pass.,low,2026-05-21,https://fairwinds.ca/marina/,Populated from Fairwinds Marina public address,medium
False Creek Harbour Authority - Fishermen's Wharf,Marina Contact,,,,Metro Vancouver Regional District,British Columbia,,CA,-,new,marina_directory,,,,,,,,,,,,,,,,Sat Feb 28 2026 03:36:37 GMT+0000 (Coordinated Universal Time),marine,,,existing - not individually reverified,No,,,,,,,,,,Existing CRM row carried forward; not individually enriched in this first pass.,low,2026-05-21,,Not populated in this pass - needs manual web/phone verification,
False Creek Yacht Club,Marina Contact,,,1661 Granville St,Metro Vancouver Regional District,British Columbia,V6Z 1L8,CA,110 approx.,new,marina_directory,,,,,,,,,,,,,,,,Sat Feb 28 2026 03:36:37 GMT+0000 (Coordinated Universal Time),marine,,,existing - enriched from web,No,30A,Yes,Unknown,,,Yes,Approx. 110 boats; 30 amp outlets listed.,https://www.predictwind.com/marinas/canada/british-columbia,,,medium,2026-05-21,https://fcyc.com/,Populated from False Creek Yacht Club public address,medium
Fisherman's Wharf,Marina Contact,,,,Strathcona Regional District,British Columbia,,CA,235+,new,marina_directory,,,,,,,,,,,,,,,,Sat Feb 28 2026 03:36:37 GMT+0000 (Coordinated Universal Time),marine,,,existing - enriched from web,No,20A / 30A / 50A / 100A,Yes,Yes,Unknown,Unknown,Yes,Sheltered port facility for 235+ vessels with 20/30/50/100A listed.,https://www.predictwind.com/marinas/canada/british-columbia,,,medium,2026-05-21,,Not populated in this pass - needs manual web/phone verification,
Fishermen's Harbour -Port Alberni,Marina Contact,,,,Regional District of Alberni-Clayoquot,British Columbia,,CA,500 vessels max,new,marina_directory,,,,,,,,,,,,,,,,Sat Feb 28 2026 03:36:37 GMT+0000 (Coordinated Universal Time),marine,,,existing - enriched from web,No,Electricity / water listed,Unknown,Unknown,,,Yes,Accommodates up to 500 commercial fishing vessels; electricity and water listed.,https://www.predictwind.com/marinas/canada/british-columbia,,,medium,2026-05-21,,Not populated in this pass - needs manual web/phone verification,
Ford Cove Harbour Authority,Marina Contact,,,,Comox Valley Regional District,British Columbia,,CA,-,new,marina_directory,,,,,,,,,,,,,,,,Sat Feb 28 2026 03:36:37 GMT+0000 (Coordinated Universal Time),marine,,,existing - not individually reverified,No,,,,,,,,,,Existing CRM row carried forward; not individually enriched in this first pass.,low,2026-05-21,,Not populated in this pass - needs manual web/phone verification,
Freshwater Marina,Marina Contact,,,,Strathcona Regional District,British Columbia,,CA,-,new,marina_directory,,,,,,,,,,,,,,,,Sat Feb 28 2026 03:36:37 GMT+0000 (Coordinated Universal Time),marine,,,existing - not individually reverified,No,,,,,,,,,,Existing CRM row carried forward; not individually enriched in this first pass.,low,2026-05-21,,Not populated in this pass - needs manual web/phone verification,
Gallaugher's Sports Fishing Camp,Marina Contact,,,,Capital Regional District,British Columbia,,CA,-,new,marina_directory,,,,,,,,,,,,,,,,Sat Feb 28 2026 03:36:37 GMT+0000 (Coordinated Universal Time),marine,,,existing - not individually reverified,No,,,,,,,,,,Existing CRM row carried forward; not individually enriched in this first pass.,low,2026-05-21,,Not populated in this pass - needs manual web/phone verification,
Ganges Centennial Harbour,Marina Contact,,,,Capital Regional District,British Columbia,,CA,-,new,marina_directory,,,,,,,,,,,,,,,,Sat Feb 28 2026 03:36:37 GMT+0000 (Coordinated Universal Time),marine,,,existing - enriched from web,No,30A,Yes,Unknown,,,Yes,30 amp service listed in Ganges/Salt Spring area.,https://www.predictwind.com/marinas/canada/british-columbia,,,medium,2026-05-21,,Not populated in this pass - needs manual web/phone verification,
Ganges Kanaka Harbour,Marina Contact,,,,Capital Regional District,British Columbia,,CA,-,new,marina_directory,,,,,,,,,,,,,,,,Sat Feb 28 2026 03:36:37 GMT+0000 (Coordinated Universal Time),marine,,,existing - not individually reverified,No,,,,,,,,,,Existing CRM row carried forward; not individually enriched in this first pass.,low,2026-05-21,,Not populated in this pass - needs manual web/phone verification,
Ganges Marina & Fuel Dock,Marina Contact,,,161 Lower Ganges Rd,Capital Regional District,British Columbia,V8K 2T2,CA,-,new,marina_directory,,,,,,,,,,,,,,,,Sat Feb 28 2026 03:36:37 GMT+0000 (Coordinated Universal Time),marine,,,existing - not individually reverified,No,,,,,,,,https://gangesmarina.com/,,Existing CRM row carried forward; not individually enriched in this first pass.,low,2026-05-21,https://gangesmarina.com/,Populated from Ganges Marina public address,medium
Genoa Bay Marina,Marina Contact,,,5000 Genoa Bay Rd,Cowichan Valley Regional District,British Columbia,V9L 5Y6,CA,-,new,marina_directory,,,,,,,,,,,,,,,,Sat Feb 28 2026 03:36:37 GMT+0000 (Coordinated Universal Time),marine,,,existing - enriched from web,No,15A / 30A / 50A,Yes,Yes,,,Yes,"1,200 ft of moorage; 15/30/50 amp listed.",https://www.predictwind.com/marinas/canada/british-columbia,,,medium,2026-05-21,https://genoabaymarina.com/,Populated from Genoa Bay Marina public address,medium
Gibsons Landing Harbour Authority,Marina Contact,,,,Sunshine Coast Regional District,British Columbia,,CA,-,new,marina_directory,,,,,,,,,,,,,,,,Sat Feb 28 2026 03:36:37 GMT+0000 (Coordinated Universal Time),marine,,,existing - not individually reverified,No,,,,,,,,,,Existing CRM row carried forward; not individually enriched in this first pass.,low,2026-05-21,,Not populated in this pass - needs manual web/phone verification,
Gibsons Marina,Marina Contact,,,675 Prowse Rd,Sunshine Coast Regional District,British Columbia,V0N 1V0,CA,-,new,marina_directory,,,,,,,,,,,,,,,,Sat Feb 28 2026 03:36:37 GMT+0000 (Coordinated Universal Time),marine,,,existing - not individually reverified,No,,,,,,,,https://gibsonsmarina.com/,,Existing CRM row carried forward; not individually enriched in this first pass.,low,2026-05-21,https://gibsonsmarina.com/,Populated from Gibsons Marina public address,medium
Goldstream Boathouse Marina,Marina Contact,,,,Capital Regional District,British Columbia,,CA,-,new,marina_directory,,,,,,,,,,,,,,,,Sat Feb 28 2026 03:36:37 GMT+0000 (Coordinated Universal Time),marine,,,existing - not individually reverified,No,,,,,,,,,,Existing CRM row carried forward; not individually enriched in this first pass.,low,2026-05-21,,Not populated in this pass - needs manual web/phone verification,
Gorge Harbour Marina,Marina Contact,,,,Strathcona Regional District,British Columbia,,CA,-,new,marina_directory,,,,,,,,,,,,,,,,Sat Feb 28 2026 03:36:37 GMT+0000 (Coordinated Universal Time),marine,,,existing - enriched from web,No,30A / 50A,Yes,Yes,Yes,Unknown,Yes,"1,800 ft of dock; 30/50 amp and fuel dock listed.",https://www.predictwind.com/marinas/canada/british-columbia,https://ahoybc.com/moorage/,,medium,2026-05-21,,Not populated in this pass - needs manual web/phone verification,
Great Central Lake Rv Resort & Marina,Marina Contact,,,,Regional District of Alberni-Clayoquot,British Columbia,,CA,-,new,marina_directory,,,,,,,,,,,,,,,,Sat Feb 28 2026 03:36:37 GMT+0000 (Coordinated Universal Time),marine,,,existing - not individually reverified,No,,,,,,,,,,Existing CRM row carried forward; not individually enriched in this first pass.,low,2026-05-21,,Not populated in this pass - needs manual web/phone verification,
Harbour Authority of French Creek,Marina Contact,,,,Regional District of Nanaimo,British Columbia,,CA,-,new,marina_directory,,,,,,,,,,,,,,,,Sat Feb 28 2026 03:36:37 GMT+0000 (Coordinated Universal Time),marine,,,existing - not individually reverified,No,,,,,,,,,,Existing CRM row carried forward; not individually enriched in this first pass.,low,2026-05-21,,Not populated in this pass - needs manual web/phone verification,
Harbour Authority of Pender Harbou-Secret Cove,Marina Contact,,,,Sunshine Coast Regional District,British Columbia,,CA,-,new,marina_directory,,,,,,,,,,,,,,,,Sat Feb 28 2026 03:36:37 GMT+0000 (Coordinated Universal Time),marine,,,existing - not individually reverified,No,,,,,,,,,,Existing CRM row carried forward; not individually enriched in this first pass.,low,2026-05-21,,Not populated in this pass - needs manual web/phone verification,
Harbour Authority of Pender Harbour-Hospital Bay,Marina Contact,,,,Sunshine Coast Regional District,British Columbia,,CA,-,new,marina_directory,,,,,,,,,,,,,,,,Sat Feb 28 2026 03:36:37 GMT+0000 (Coordinated Universal Time),marine,,,existing - not individually reverified,No,,,,,,,,,,Existing CRM row carried forward; not individually enriched in this first pass.,low,2026-05-21,,Not populated in this pass - needs manual web/phone verification,
Harbour Authority of Pender Harbour-Whiskey Slough,Marina Contact,,,,Sunshine Coast Regional District,British Columbia,,CA,-,new,marina_directory,,,,,,,,,,,,,,,,Sat Feb 28 2026 03:36:37 GMT+0000 (Coordinated Universal Time),marine,,,existing - not individually reverified,No,,,,,,,,,,Existing CRM row carried forward; not individually enriched in this first pass.,low,2026-05-21,,Not populated in this pass - needs manual web/phone verification,
Harbour Authority of Pender- Madeira Park,Marina Contact,,,,Sunshine Coast Regional District,British Columbia,,CA,-,new,marina_directory,,,,,,,,,,,,,,,,Sat Feb 28 2026 03:36:37 GMT+0000 (Coordinated Universal Time),marine,,,existing - not individually reverified,No,,,,,,,,,,Existing CRM row carried forward; not individually enriched in this first pass.,low,2026-05-21,,Not populated in this pass - needs manual web/phone verification,
Harbour Haven,Marina Contact,,,2270 Harbour Rd,Capital Regional District,British Columbia,V8L 2P6,CA,-,new,marina_directory,,,,,,,,,,,,,,,,Sat Feb 28 2026 03:36:37 GMT+0000 (Coordinated Universal Time),marine,,,existing - not individually reverified,No,,,,,,,,https://www.predictwind.com/marinas/canada/british-columbia,,Existing CRM row carried forward; not individually enriched in this first pass.,low,2026-05-21,https://www.predictwind.com/marinas/canada/british-columbia,Populated from PredictWind BC marina directory,high
Harbour Quay Marina - Port Albertini,Marina Contact,,,,Regional District of Alberni-Clayoquot,British Columbia,,CA,-,new,marina_directory,,,,,,,,,,,,,,,,Sat Feb 28 2026 03:36:37 GMT+0000 (Coordinated Universal Time),marine,,,existing - not individually reverified,No,,,,,,,,,,Existing CRM row carried forward; not individually enriched in this first pass.,low,2026-05-21,,Not populated in this pass - needs manual web/phone verification,
Harbourside Lodge,Marina Contact,,,,Regional District of Alberni-Clayoquot,British Columbia,,CA,-,new,marina_directory,,,,,,,,,,,,,,,,Sat Feb 28 2026 03:36:37 GMT+0000 (Coordinated Universal Time),marine,,,existing - enriched from web,No,15A / 30A / 50A,Yes,Yes,Unknown,Unknown,Yes,"Water, 15/30/50A power, phone and cable listed.",https://www.predictwind.com/marinas/canada/british-columbia,,,medium,2026-05-21,,Not populated in this pass - needs manual web/phone verification,
Hartley Bay,Marina Contact,,,,Skeena-Queen Charlotte Regional District,British Columbia,,CA,-,new,marina_directory,,,,,,,,,,,,,,,,Sat Feb 28 2026 03:36:37 GMT+0000 (Coordinated Universal Time),marine,,,existing - not individually reverified,No,,,,,,,,,,Existing CRM row carried forward; not individually enriched in this first pass.,low,2026-05-21,,Not populated in this pass - needs manual web/phone verification,
Heather Civic Marina,Marina Contact,,,,Metro Vancouver Regional District,British Columbia,,CA,-,new,marina_directory,,,,,,,,,,,,,,,,Sat Feb 28 2026 03:36:37 GMT+0000 (Coordinated Universal Time),marine,,,existing - not individually reverified,No,,,,,,,,,,Existing CRM row carried forward; not individually enriched in this first pass.,low,2026-05-21,,Not populated in this pass - needs manual web/phone verification,
Heriot Bay harbour,Marina Contact,,,,Strathcona Regional District,British Columbia,,CA,-,new,marina_directory,,,,,,,,,,,,,,,,Sat Feb 28 2026 03:36:37 GMT+0000 (Coordinated Universal Time),marine,,,existing - not individually reverified,No,,,,,,,,,,Existing CRM row carried forward; not individually enriched in this first pass.,low,2026-05-21,,Not populated in this pass - needs manual web/phone verification,
HERIOT BAY INN marina,Marina Contact,,,,Strathcona Regional District,British Columbia,,CA,-,new,marina_directory,,,,,,,,,,,,,,,,Sat Feb 28 2026 03:36:37 GMT+0000 (Coordinated Universal Time),marine,,,existing - not individually reverified,No,,,,,,,,,,Existing CRM row carried forward; not individually enriched in this first pass.,low,2026-05-21,,Not populated in this pass - needs manual web/phone verification,
Heritage Harbour Marina,Marina Contact,,,,Vancouver,British Columbia,,CA,-,new,marina_directory,,,,,,,,,,,,,,,,Sat Feb 28 2026 03:36:37 GMT+0000 (Coordinated Universal Time),marine,,,existing - not individually reverified,No,,,,,,,,,,Existing CRM row carried forward; not individually enriched in this first pass.,low,2026-05-21,,Not populated in this pass - needs manual web/phone verification,
Hidden Harbour- Victoria,Marina Contact,,,,Capital Regional District,British Columbia,,CA,-,new,marina_directory,,,,,,,,,,,,,,,,Sat Feb 28 2026 03:36:37 GMT+0000 (Coordinated Universal Time),marine,,,existing - not individually reverified,No,,,,,,,,,,Existing CRM row carried forward; not individually enriched in this first pass.,low,2026-05-21,,Not populated in this pass - needs manual web/phone verification,
Inner Harbour Causeway / Ship Point,Marina Contact,,,,Capital Regional District,British Columbia,,CA,-,new,marina_directory,,,,,,,,,,,,,,,,Sat Feb 28 2026 03:36:37 GMT+0000 (Coordinated Universal Time),marine,,,existing - not individually reverified,No,,,,,,,,,,Existing CRM row carried forward; not individually enriched in this first pass.,low,2026-05-21,,Not populated in this pass - needs manual web/phone verification,
Island West Resort,Marina Contact,,,,Regional District of Alberni-Clayoquot,British Columbia,,CA,-,new,marina_directory,,,,,,,,,,,,,,,,Sat Feb 28 2026 03:36:37 GMT+0000 (Coordinated Universal Time),marine,,,existing - not individually reverified,No,,,,,,,,,,Existing CRM row carried forward; not individually enriched in this first pass.,low,2026-05-21,,Not populated in this pass - needs manual web/phone verification,
JENNIS BAY MARINA,Marina Contact,,,,Regional District of Mount Waddington,British Columbia,,CA,-,new,marina_directory,,,,,,,,,,,,,,,,Sat Feb 28 2026 03:36:37 GMT+0000 (Coordinated Universal Time),marine,,,existing - not individually reverified,No,,,,,,,,,,Existing CRM row carried forward; not individually enriched in this first pass.,low,2026-05-21,,Not populated in this pass - needs manual web/phone verification,
Jeune Landing Marina,Marina Contact,,,Port Alice,Regional District of Mount Waddington,British Columbia,V0N 2N0,CA,-,new,marina_directory,,,,,,,,,,,,,,,,Sat Feb 28 2026 03:36:37 GMT+0000 (Coordinated Universal Time),marine,,,existing - not individually reverified,No,,,,,,,,https://www.predictwind.com/marinas/canada/british-columbia,,Existing CRM row carried forward; not individually enriched in this first pass.,low,2026-05-21,https://www.predictwind.com/marinas/canada/british-columbia,Populated from PredictWind BC marina directory,medium
John Henry's Marina & Resort,Marina Contact,,,,Sunshine Coast Regional District,British Columbia,,CA,-,new,marina_directory,,,,,,,,,,,,,,,,Sat Feb 28 2026 03:36:37 GMT+0000 (Coordinated Universal Time),marine,,,existing - not individually reverified,No,,,,,,,,,,Existing CRM row carried forward; not individually enriched in this first pass.,low,2026-05-21,,Not populated in this pass - needs manual web/phone verification,
Kelsey Bay Marina,Marina Contact,,,,Strathcona Regional District,British Columbia,,CA,-,new,marina_directory,,,,,,,,,,,,,,,,Sat Feb 28 2026 03:36:37 GMT+0000 (Coordinated Universal Time),marine,,,existing - enriched from web,No,20A / 30A,Yes,No / not found,,,Yes,20/30 amp service; max vessel length 60 ft.,https://www.predictwind.com/marinas/canada/british-columbia,,,medium,2026-05-21,,Not populated in this pass - needs manual web/phone verification,
"Kelsey Bay Small Craft Harbour, DFO",Marina Contact,,,,Strathcona Regional District,British Columbia,,CA,-,new,marina_directory,,,,,,,,,,,,,,,,Sat Feb 28 2026 03:36:37 GMT+0000 (Coordinated Universal Time),marine,,,existing - not individually reverified,No,,,,,,,,,,Existing CRM row carried forward; not individually enriched in this first pass.,low,2026-05-21,,Not populated in this pass - needs manual web/phone verification,
Kwatsi Bay,Marina Contact,,,,Regional District of Mount Waddington,British Columbia,,CA,-,new,marina_directory,,,,,,,,,,,,,,,,Sat Feb 28 2026 03:36:37 GMT+0000 (Coordinated Universal Time),marine,,,existing - not individually reverified,No,,,,,,,,,,Existing CRM row carried forward; not individually enriched in this first pass.,low,2026-05-21,,Not populated in this pass - needs manual web/phone verification,
Ladner Harbour Authority-Ladner Harbour Boat Basin,Marina Contact,,,,Delta,British Columbia,,CA,-,new,marina_directory,,,,,,,,,,,,,,,,Sat Feb 28 2026 03:36:37 GMT+0000 (Coordinated Universal Time),marine,,,existing - not individually reverified,No,,,,,,,,,,Existing CRM row carried forward; not individually enriched in this first pass.,low,2026-05-21,,Not populated in this pass - needs manual web/phone verification,
Ladner Harbour-Ladner Wharf (5000 Elliott Street),Marina Contact,,,,Delta,British Columbia,,CA,-,new,marina_directory,,,,,,,,,,,,,,,,Sat Feb 28 2026 03:36:37 GMT+0000 (Coordinated Universal Time),marine,,,existing - enriched from web,No,30A / 50A,Yes,Yes,,,Yes,20-375 ft vessels; 30/50 amp listed.,https://www.predictwind.com/marinas/canada/british-columbia,,,medium,2026-05-21,,Not populated in this pass - needs manual web/phone verification,
Ladner Yacht Club,Marina Contact,,,,Delta,British Columbia,,CA,-,new,marina_directory,,,,,,,,,,,,,,,,Sat Feb 28 2026 03:36:37 GMT+0000 (Coordinated Universal Time),marine,,,existing - not individually reverified,No,,,,,,,,,,Existing CRM row carried forward; not individually enriched in this first pass.,low,2026-05-21,,Not populated in this pass - needs manual web/phone verification,
Ladysmith Marina,Marina Contact,,,,Cowichan Valley Regional District,British Columbia,,CA,-,new,marina_directory,,,,,,,,,,,,,,,,Sat Feb 28 2026 03:36:37 GMT+0000 (Coordinated Universal Time),marine,,,existing - not individually reverified,No,,,,,,,,,,Existing CRM row carried forward; not individually enriched in this first pass.,low,2026-05-21,,Not populated in this pass - needs manual web/phone verification,
Lions Bay Marina,Marina Contact,,,,Metro Vancouver Regional District,British Columbia,,CA,-,new,marina_directory,,,,,,,,,,,,,,,,Sat Feb 28 2026 03:36:37 GMT+0000 (Coordinated Universal Time),marine,,,existing - not individually reverified,No,,,,,,,,,,Existing CRM row carried forward; not individually enriched in this first pass.,low,2026-05-21,,Not populated in this pass - needs manual web/phone verification,
Little Bay Resort,Marina Contact,,,,Sunshine Coast Regional District,British Columbia,,CA,-,new,marina_directory,,,,,,,,,,,,,,,,Sat Feb 28 2026 03:36:37 GMT+0000 (Coordinated Universal Time),marine,,,existing - not individually reverified,No,,,,,,,,,,Existing CRM row carried forward; not individually enriched in this first pass.,low,2026-05-21,,Not populated in this pass - needs manual web/phone verification,
Lund harbour,Marina Contact,,,,Powell River Regional District,British Columbia,,CA,-,new,marina_directory,,,,,,,,,,,,,,,,Sat Feb 28 2026 03:36:37 GMT+0000 (Coordinated Universal Time),marine,,,existing - not individually reverified,No,,,,,,,,,,Existing CRM row carried forward; not individually enriched in this first pass.,low,2026-05-21,,Not populated in this pass - needs manual web/phone verification,
Lynnwood Marina & Boatyard,Marina Contact,,,,Metro Vancouver Regional District,British Columbia,,CA,-,new,marina_directory,,,,,,,,,,,,,,,,Sat Feb 28 2026 03:36:37 GMT+0000 (Coordinated Universal Time),marine,,,existing - not individually reverified,No,,,,,,,,,,Existing CRM row carried forward; not individually enriched in this first pass.,low,2026-05-21,,Not populated in this pass - needs manual web/phone verification,
Maple Bay Marina,Marina Contact,,,6145 Genoa Bay Rd,Cowichan Valley Regional District,British Columbia,V9L 5T7,CA,-,new,marina_directory,,,,,,,,,,,,,,,,Sat Feb 28 2026 03:36:37 GMT+0000 (Coordinated Universal Time),marine,,,existing - not individually reverified,No,,,,,,,,https://maplebaymarina.com/,,Existing CRM row carried forward; not individually enriched in this first pass.,low,2026-05-21,https://maplebaymarina.com/,Populated from Maple Bay Marina public address,medium
Marble Bay Marina,Marina Contact,,,,Powell River Regional District,British Columbia,,CA,-,new,marina_directory,,,,,,,,,,,,,,,,Sat Feb 28 2026 03:36:37 GMT+0000 (Coordinated Universal Time),marine,,,existing - not individually reverified,No,,,,,,,,,,Existing CRM row carried forward; not individually enriched in this first pass.,low,2026-05-21,,Not populated in this pass - needs manual web/phone verification,
Marina Park Marina,Marina Contact,,,,Capital Regional District,British Columbia,,CA,-,new,marina_directory,,,,,,,,,,,,,,,,Sat Feb 28 2026 03:36:37 GMT+0000 (Coordinated Universal Time),marine,,,existing - not individually reverified,No,,,,,,,,,,Existing CRM row carried forward; not individually enriched in this first pass.,low,2026-05-21,,Not populated in this pass - needs manual web/phone verification,
Maritime Market & Marina Ltd,Marina Contact,,,,Metro Vancouver Regional District,British Columbia,,CA,-,new,marina_directory,,,,,,,,,,,,,,,,Sat Feb 28 2026 03:36:37 GMT+0000 (Coordinated Universal Time),marine,,,existing - not individually reverified,No,,,,,,,,,,Existing CRM row carried forward; not individually enriched in this first pass.,low,2026-05-21,,Not populated in this pass - needs manual web/phone verification,
Martins Marina,Marina Contact,,,,Central Coast Regional District,British Columbia,,CA,-,new,marina_directory,,,,,,,,,,,,,,,,Sat Feb 28 2026 03:36:37 GMT+0000 (Coordinated Universal Time),marine,,,existing - not individually reverified,No,,,,,,,,,,Existing CRM row carried forward; not individually enriched in this first pass.,low,2026-05-21,,Not populated in this pass - needs manual web/phone verification,
Masset Marina,Marina Contact,,,,Skeena-Queen Charlotte Regional District,British Columbia,,CA,-,new,marina_directory,,,,,,,,,,,,,,,,Sat Feb 28 2026 03:36:37 GMT+0000 (Coordinated Universal Time),marine,,,existing - not individually reverified,No,,,,,,,,,,Existing CRM row carried forward; not individually enriched in this first pass.,low,2026-05-21,,Not populated in this pass - needs manual web/phone verification,
Mill Bay Marina,Marina Contact,,,740 Handy Rd,Mill Bay,British Columbia,V0R 2P1,CA,-,new,marina_directory,,,,,,,,,,,,,,,,Sat Feb 28 2026 03:36:37 GMT+0000 (Coordinated Universal Time),marine,,,existing - enriched from web,No,30A / 50A,Yes,Yes,Unknown,Unknown,Yes,Official rate page lists 30A and 50A daily power rates.,https://www.millbaymarina.ca/moorage,https://www.millbaymarina.ca/,,high,2026-05-21,https://www.millbaymarina.ca/,Populated from Mill Bay Marina public address,high
Milltown Marina & Boatyard,Marina Contact,,,9191 Bentley St,Metro Vancouver Regional District,British Columbia,V6P 0B9,CA,-,new,marina_directory,,,,,,,,,,,,,,,,Sat Feb 28 2026 03:36:37 GMT+0000 (Coordinated Universal Time),marine,,,existing - not individually reverified,No,,,,,,,,https://milltownmarina.ca/,,Existing CRM row carried forward; not individually enriched in this first pass.,low,2026-05-21,https://milltownmarina.ca/,Populated from Milltown Marina public address,medium
Mission Harbour Authority,Marina Contact,,,,Fraser Valley,British Columbia,,CA,-,new,marina_directory,,,,,,,,,,,,,,,,Sat Feb 28 2026 03:36:37 GMT+0000 (Coordinated Universal Time),marine,,,existing - not individually reverified,No,,,,,,,,,,Existing CRM row carried forward; not individually enriched in this first pass.,low,2026-05-21,,Not populated in this pass - needs manual web/phone verification,
MK Bay Marina,Marina Contact,,,,Regional District of Kitimat-Stikine,British Columbia,,CA,-,new,marina_directory,,,,,,,,,,,,,,,,Sat Feb 28 2026 03:36:37 GMT+0000 (Coordinated Universal Time),marine,,,existing - not individually reverified,No,,,,,,,,,,Existing CRM row carried forward; not individually enriched in this first pass.,low,2026-05-21,,Not populated in this pass - needs manual web/phone verification,
Montague Harbour Marina,Marina Contact,,,,Montague Harbour,British Columbia,,CA,-,new,marina_directory,,,,,,,,,,,,,,,,Sat Feb 28 2026 03:36:37 GMT+0000 (Coordinated Universal Time),marine,,,existing - not individually reverified,No,,,,,,,,,,Existing CRM row carried forward; not individually enriched in this first pass.,low,2026-05-21,,Not populated in this pass - needs manual web/phone verification,
Mosquito Creek Marina,Marina Contact,,,415 Esplanade W,Metro Vancouver Regional District,British Columbia,V7M 1A6,CA,-,new,marina_directory,,,,,,,,,,,,,,,,Sat Feb 28 2026 03:36:37 GMT+0000 (Coordinated Universal Time),marine,,,existing - enriched from web,No,30A / 50A,Yes,Yes,,,Yes,30/50 amp service and max length 160 ft listed.,https://www.predictwind.com/marinas/canada/british-columbia,,,medium,2026-05-21,https://mosquitocreekmarina.com/,Populated from Mosquito Creek Marina public address,medium
Newcastle Island Marine Park,Marina Contact,,,,Regional District of Nanaimo,British Columbia,,CA,-,new,marina_directory,,,,,,,,,,,,,,,,Sat Feb 28 2026 03:36:37 GMT+0000 (Coordinated Universal Time),marine,,,existing - not individually reverified,No,,,,,,,,,,Existing CRM row carried forward; not individually enriched in this first pass.,low,2026-05-21,,Not populated in this pass - needs manual web/phone verification,
Newcastle Marina Holdings Ltd,Marina Contact,,,,Regional District of Nanaimo,British Columbia,,CA,-,new,marina_directory,,,,,,,,,,,,,,,,Sat Feb 28 2026 03:36:37 GMT+0000 (Coordinated Universal Time),marine,,,existing - not individually reverified,No,,,,,,,,,,Existing CRM row carried forward; not individually enriched in this first pass.,low,2026-05-21,,Not populated in this pass - needs manual web/phone verification,
Nico Wynd Marina,Marina Contact,,,3601 Nico Wynd Dr,Surrey,British Columbia,V4P 1J1,CA,-,new,marina_directory,,,,,,,,,,,,,,,,Sat Feb 28 2026 03:36:37 GMT+0000 (Coordinated Universal Time),marine,,,existing - not individually reverified,No,,,,,,,,https://www.predictwind.com/marinas/canada/british-columbia,,Existing CRM row carried forward; not individually enriched in this first pass.,low,2026-05-21,https://www.predictwind.com/marinas/canada/british-columbia,Populated from PredictWind BC marina directory,high
North Island Marina,Marina Contact,,,25 Beach Dr,Regional District of Mount Waddington,British Columbia,V0N 2R0,CA,-,new,marina_directory,,,,,,,,,,,,,,,,Sat Feb 28 2026 03:36:37 GMT+0000 (Coordinated Universal Time),marine,,,existing - not individually reverified,No,,,,,,,,https://northislandmarina.com/,,Existing CRM row carried forward; not individually enriched in this first pass.,low,2026-05-21,https://northislandmarina.com/,Populated from North Island Marina public address,medium
North Saanich Marina,Marina Contact,,,1949 Marina Way,Capital Regional District,British Columbia,V8L 6B3,CA,-,new,marina_directory,,,,,,,,,,,,,,,,Sat Feb 28 2026 03:36:37 GMT+0000 (Coordinated Universal Time),marine,,,existing - not individually reverified,No,,,,,,,,https://obmg.com/marinas/north-saanich-marina/,,Existing CRM row carried forward; not individually enriched in this first pass.,low,2026-05-21,https://obmg.com/marinas/north-saanich-marina/,Populated from North Saanich Marina public address,high
Oak Bay Marina,Marina Contact,,,1327 Beach Dr,Capital Regional District,British Columbia,V8S 2N4,CA,-,new,marina_directory,,,,,,,,,,,,,,,,Sat Feb 28 2026 03:36:37 GMT+0000 (Coordinated Universal Time),marine,,,existing - not individually reverified,No,,,,,,,,https://www.predictwind.com/marinas/canada/british-columbia,,Existing CRM row carried forward; not individually enriched in this first pass.,low,2026-05-21,https://www.predictwind.com/marinas/canada/british-columbia,Populated from PredictWind BC marina directory,high
Ocean Falls Municipal Dock,Marina Contact,,,,Central Coast Regional District,British Columbia,,CA,-,new,marina_directory,,,,,,,,,,,,,,,,Sat Feb 28 2026 03:36:37 GMT+0000 (Coordinated Universal Time),marine,,,existing - not individually reverified,No,,,,,,,,,,Existing CRM row carried forward; not individually enriched in this first pass.,low,2026-05-21,,Not populated in this pass - needs manual web/phone verification,
Otter Bay Marina,Marina Contact,,,,Port Washington,British Columbia,,CA,-,new,marina_directory,,,,,,,,,,,,,,,,Sat Feb 28 2026 03:36:37 GMT+0000 (Coordinated Universal Time),marine,,,existing - not individually reverified,No,,,,,,,,,,Existing CRM row carried forward; not individually enriched in this first pass.,low,2026-05-21,,Not populated in this pass - needs manual web/phone verification,
Pacific Boulevard Marina,Marina Contact,,,,Vancouver,British Columbia,,CA,-,new,marina_directory,,,,,,,,,,,,,,,,Sat Feb 28 2026 03:36:37 GMT+0000 (Coordinated Universal Time),marine,,,existing - not individually reverified,No,,,,,,,,,,Existing CRM row carried forward; not individually enriched in this first pass.,low,2026-05-21,,Not populated in this pass - needs manual web/phone verification,
Pacific Playgrounds Oceanside Resort,Marina Contact,,,,Comox Valley Regional District,British Columbia,,CA,-,new,marina_directory,,,,,,,,,,,,,,,,Sat Feb 28 2026 03:36:37 GMT+0000 (Coordinated Universal Time),marine,,,existing - not individually reverified,No,,,,,,,,,,Existing CRM row carried forward; not individually enriched in this first pass.,low,2026-05-21,,Not populated in this pass - needs manual web/phone verification,
Page's Inn marina,Marina Contact,,,,Regional District of Nanaimo,British Columbia,,CA,-,new,marina_directory,,,,,,,,,,,,,,,,Sat Feb 28 2026 03:36:37 GMT+0000 (Coordinated Universal Time),marine,,,existing - not individually reverified,No,,,,,,,,,,Existing CRM row carried forward; not individually enriched in this first pass.,low,2026-05-21,,Not populated in this pass - needs manual web/phone verification,
Page's Resort & Marina,Marina Contact,,,,Regional District of Nanaimo,British Columbia,,CA,-,new,marina_directory,,,,,,,,,,,,,,,,Sat Feb 28 2026 03:36:37 GMT+0000 (Coordinated Universal Time),marine,,,existing - not individually reverified,No,,,,,,,,,,Existing CRM row carried forward; not individually enriched in this first pass.,low,2026-05-21,,Not populated in this pass - needs manual web/phone verification,
Painted Boat Resort Spa & Marina,Marina Contact,,,12849 Lagoon Rd,Sunshine Coast Regional District,British Columbia,V0N 2H0,CA,-,new,marina_directory,,,,,,,,,,,,,,,,Sat Feb 28 2026 03:36:37 GMT+0000 (Coordinated Universal Time),marine,,,existing - not individually reverified,No,,,,,,,,https://paintedboat.com/,,Existing CRM row carried forward; not individually enriched in this first pass.,low,2026-05-21,https://paintedboat.com/,Populated from Painted Boat Resort public address,medium
Pedder Bay RV Resort & Marina,Marina Contact,,,925 Pedder Bay Dr,Capital Regional District,British Columbia,V9C 4H1,CA,-,new,marina_directory,,,,,,,,,,,,,,,,Sat Feb 28 2026 03:36:37 GMT+0000 (Coordinated Universal Time),marine,,,existing - not individually reverified,No,,,,,,,,https://www.pedderbay.com/,,Existing CRM row carried forward; not individually enriched in this first pass.,low,2026-05-21,https://www.pedderbay.com/,Populated from Pedder Bay public address,high
Pelican Bay Marina,Marina Contact,,,,Metro Vancouver Regional District,British Columbia,,CA,-,new,marina_directory,,,,,,,,,,,,,,,,Sat Feb 28 2026 03:36:37 GMT+0000 (Coordinated Universal Time),marine,,,existing - not individually reverified,No,,,,,,,,,,Existing CRM row carried forward; not individually enriched in this first pass.,low,2026-05-21,,Not populated in this pass - needs manual web/phone verification,
Pender Harbour Hotel & Grasshopper Pub,Marina Contact,,,,Sunshine Coast Regional District,British Columbia,,CA,-,new,marina_directory,,,,,,,,,,,,,,,,Sat Feb 28 2026 03:36:37 GMT+0000 (Coordinated Universal Time),marine,,,existing - not individually reverified,No,,,,,,,,,,Existing CRM row carried forward; not individually enriched in this first pass.,low,2026-05-21,,Not populated in this pass - needs manual web/phone verification,
Pender Harbour Resort & Marina,Marina Contact,,,,Sunshine Coast Regional District,British Columbia,,CA,-,new,marina_directory,,,,,,,,,,,,,,,,Sat Feb 28 2026 03:36:37 GMT+0000 (Coordinated Universal Time),marine,,,existing - not individually reverified,No,,,,,,,,,,Existing CRM row carried forward; not individually enriched in this first pass.,low,2026-05-21,,Not populated in this pass - needs manual web/phone verification,
Pier 66 Marina,Marina Contact,,,1745 Cowichan Bay Rd,Cowichan Valley Regional District,British Columbia,V0R 1N0,CA,-,new,marina_directory,,,,,,,,,,,,,,,,Sat Feb 28 2026 03:36:37 GMT+0000 (Coordinated Universal Time),marine,,,existing - not individually reverified,No,,,,,,,,https://www.predictwind.com/marinas/canada/british-columbia,,Existing CRM row carried forward; not individually enriched in this first pass.,low,2026-05-21,https://www.predictwind.com/marinas/canada/british-columbia,Populated from PredictWind BC marina directory,high
Pitt Meadows Marina,Marina Contact,,,,Coquitlam,British Columbia,,CA,-,new,marina_directory,,,,,,,,,,,,,,,,Sat Feb 28 2026 03:36:37 GMT+0000 (Coordinated Universal Time),marine,,,existing - not individually reverified,No,,,,,,,,,,Existing CRM row carried forward; not individually enriched in this first pass.,low,2026-05-21,,Not populated in this pass - needs manual web/phone verification,
Poett Nook Marina and Campground,Marina Contact,,,,Regional District of Alberni-Clayoquot,British Columbia,,CA,-,new,marina_directory,,,,,,,,,,,,,,,,Sat Feb 28 2026 03:36:37 GMT+0000 (Coordinated Universal Time),marine,,,existing - not individually reverified,No,,,,,,,,,,Existing CRM row carried forward; not individually enriched in this first pass.,low,2026-05-21,,Not populated in this pass - needs manual web/phone verification,
Porpoise Harbour Marina Complex - PEHA,Marina Contact,,,,Skeena-Queen Charlotte Regional District,British Columbia,,CA,-,new,marina_directory,,,,,,,,,,,,,,,,Sat Feb 28 2026 03:36:37 GMT+0000 (Coordinated Universal Time),marine,,,existing - not individually reverified,No,,,,,,,,,,Existing CRM row carried forward; not individually enriched in this first pass.,low,2026-05-21,,Not populated in this pass - needs manual web/phone verification,
Port Alice \| Northern Vancouver Island,Marina Contact,,,,Regional District of Mount Waddington,British Columbia,,CA,-,new,marina_directory,,,,,,,,,,,,,,,,Sat Feb 28 2026 03:36:37 GMT+0000 (Coordinated Universal Time),marine,,,existing - not individually reverified,No,,,,,,,,,,Existing CRM row carried forward; not individually enriched in this first pass.,low,2026-05-21,,Not populated in this pass - needs manual web/phone verification,
Port Alice Municipal Marina-Rumble Beach Marina,Marina Contact,,,,Regional District of Mount Waddington,British Columbia,,CA,-,new,marina_directory,,,,,,,,,,,,,,,,Sat Feb 28 2026 03:36:37 GMT+0000 (Coordinated Universal Time),marine,,,existing - not individually reverified,No,,,,,,,,,,Existing CRM row carried forward; not individually enriched in this first pass.,low,2026-05-21,,Not populated in this pass - needs manual web/phone verification,
Port Browning Marina Resort,Marina Contact,,,4605 Oak Rd,Capital Regional District,British Columbia,V0N 2M1,CA,-,new,marina_directory,,,,,,,,,,,,,,,,Sat Feb 28 2026 03:36:37 GMT+0000 (Coordinated Universal Time),marine,,,existing - not individually reverified,No,,,,,,,,https://portbrowning.ca/,,Existing CRM row carried forward; not individually enriched in this first pass.,low,2026-05-21,https://portbrowning.ca/,Populated from Port Browning Marina public address,medium
Port Edward Harbour Authority,Marina Contact,,,,Skeena-Queen Charlotte Regional District,British Columbia,,CA,-,new,marina_directory,,,,,,,,,,,,,,,,Sat Feb 28 2026 03:36:37 GMT+0000 (Coordinated Universal Time),marine,,,existing - not individually reverified,No,,,,,,,,,,Existing CRM row carried forward; not individually enriched in this first pass.,low,2026-05-21,,Not populated in this pass - needs manual web/phone verification,
Port Hardy Harbour Authority,Marina Contact,,,,Regional District of Mount Waddington,British Columbia,,CA,-,new,marina_directory,,,,,,,,,,,,,,,,Sat Feb 28 2026 03:36:37 GMT+0000 (Coordinated Universal Time),marine,,,existing - enriched from web,No,15A / 30A / 50A on select floats,Yes,Yes / select floats,,,Yes,15/30 amp listed; seine floats include 30/50 amp.,https://www.predictwind.com/marinas/canada/british-columbia,,,medium,2026-05-21,,Not populated in this pass - needs manual web/phone verification,
Port Hardy-Seine Floats,Marina Contact,,,,Regional District of Mount Waddington,British Columbia,,CA,-,new,marina_directory,,,,,,,,,,,,,,,,Sat Feb 28 2026 03:36:37 GMT+0000 (Coordinated Universal Time),marine,,,existing - not individually reverified,No,,,,,,,,,,Existing CRM row carried forward; not individually enriched in this first pass.,low,2026-05-21,,Not populated in this pass - needs manual web/phone verification,
Port of Nanaimo,Marina Contact,,,,Regional District of Nanaimo,British Columbia,,CA,-,new,marina_directory,,,,,,,,,,,,,,,,Sat Feb 28 2026 03:36:37 GMT+0000 (Coordinated Universal Time),marine,,,existing - not individually reverified,No,,,,,,,,,,Existing CRM row carried forward; not individually enriched in this first pass.,low,2026-05-21,,Not populated in this pass - needs manual web/phone verification,
Port Renfrew Marina & RV Park,Marina Contact,,,7505 Gordon River Rd,Capital Regional District,British Columbia,V0S 1K0,CA,-,new,marina_directory,,,,,,,,,,,,,,,,Sat Feb 28 2026 03:36:37 GMT+0000 (Coordinated Universal Time),marine,,,existing - not individually reverified,No,,,,,,,,https://portrenfrewmarina.com/,,Existing CRM row carried forward; not individually enriched in this first pass.,low,2026-05-21,https://portrenfrewmarina.com/,Populated from Port Renfrew Marina public address,medium
Port Sidney Marina,Marina Contact,,,9835 Seaport Pl,Capital Regional District,British Columbia,V8L 4X3,CA,-,new,marina_directory,,,,,,,,,,,,,,,,Sat Feb 28 2026 03:36:37 GMT+0000 (Coordinated Universal Time),marine,,,existing - not individually reverified,No,,,,,,,,https://portsidney.com/,,Existing CRM row carried forward; not individually enriched in this first pass.,low,2026-05-21,https://portsidney.com/,Populated from Port Sidney Marina public address,high
Portside Marina,Marina Contact,,,,Brentwood Bay,British Columbia,,CA,-,new,marina_directory,,,,,,,,,,,,,,,,Sat Feb 28 2026 03:36:37 GMT+0000 (Coordinated Universal Time),marine,,,existing - not individually reverified,No,,,,,,,,,,Existing CRM row carried forward; not individually enriched in this first pass.,low,2026-05-21,,Not populated in this pass - needs manual web/phone verification,
Powell River Westview Harbour,Marina Contact,,,,Powell River Regional District,British Columbia,,CA,-,new,marina_directory,,,,,,,,,,,,,,,,Sat Feb 28 2026 03:36:37 GMT+0000 (Coordinated Universal Time),marine,,,existing - not individually reverified,No,,,,,,,,,,Existing CRM row carried forward; not individually enriched in this first pass.,low,2026-05-21,,Not populated in this pass - needs manual web/phone verification,
Quarterdeck & Marina Resort,Marina Contact,,,,Regional District of Mount Waddington,British Columbia,,CA,52,new,marina_directory,,,,,,,,,,,,,,,,Sat Feb 28 2026 03:36:37 GMT+0000 (Coordinated Universal Time),marine,,,existing - enriched from web,No,15A / 30A / 50A,Yes,Yes,,,Yes,52 slips; 15/30/50 amp; max 150 ft.,https://www.predictwind.com/marinas/canada/british-columbia,,,medium,2026-05-21,,Not populated in this pass - needs manual web/phone verification,
Quathiaski Cove harbour,Marina Contact,,,,Strathcona Regional District,British Columbia,,CA,-,new,marina_directory,,,,,,,,,,,,,,,,Sat Feb 28 2026 03:36:37 GMT+0000 (Coordinated Universal Time),marine,,,existing - not individually reverified,No,,,,,,,,,,Existing CRM row carried forward; not individually enriched in this first pass.,low,2026-05-21,,Not populated in this pass - needs manual web/phone verification,
Quayside Marina,Marina Contact,,,,Metro Vancouver Regional District,British Columbia,,CA,-,new,marina_directory,,,,,,,,,,,,,,,,Sat Feb 28 2026 03:36:37 GMT+0000 (Coordinated Universal Time),marine,,,existing - enriched from web,No,30A / 50A / 100A,Yes,Yes,,,Yes,30/50/100 amp and max length 120 ft listed.,https://www.predictwind.com/marinas/canada/british-columbia,https://quaysidemarina.com/,,medium,2026-05-21,,Not populated in this pass - needs manual web/phone verification,
Refuge Cove Marina,Marina Contact,,,,Strathcona Regional District,British Columbia,,CA,-,new,marina_directory,,,,,,,,,,,,,,,,Sat Feb 28 2026 03:36:37 GMT+0000 (Coordinated Universal Time),marine,,,existing - not individually reverified,No,,,,,,,,,,Existing CRM row carried forward; not individually enriched in this first pass.,low,2026-05-21,,Not populated in this pass - needs manual web/phone verification,
Richmond Marina,Marina Contact,,,8191 River Rd,Richmond,British Columbia,V6X 1X8,CA,-,new,marina_directory,,,,,,,,,,,,,,,,Sat Feb 28 2026 03:36:37 GMT+0000 (Coordinated Universal Time),marine,,,existing - not individually reverified,No,,,,,,,,https://richmondmarina.ca/,,Existing CRM row carried forward; not individually enriched in this first pass.,low,2026-05-21,https://richmondmarina.ca/,Populated from Richmond Marina public address,medium
River House Marina Ltd,Marina Contact,,,,Metro Vancouver Regional District,British Columbia,,CA,-,new,marina_directory,,,,,,,,,,,,,,,,Sat Feb 28 2026 03:36:37 GMT+0000 (Coordinated Universal Time),marine,,,existing - not individually reverified,No,,,,,,,,,,Existing CRM row carried forward; not individually enriched in this first pass.,low,2026-05-21,,Not populated in this pass - needs manual web/phone verification,
River Rock Marina,Marina Contact,,,8811 River Rd,Richmond,British Columbia,V6X 3P8,CA,-,new,marina_directory,,,,,,,,,,,,,,,,Sat Feb 28 2026 03:36:37 GMT+0000 (Coordinated Universal Time),marine,,,existing - not individually reverified,No,,,,,,,,https://www.riverrock.com/,,Existing CRM row carried forward; not individually enriched in this first pass.,low,2026-05-21,https://www.riverrock.com/,Populated from River Rock public address,medium
Royal City Marina,Marina Contact,,,,Delta,British Columbia,,CA,-,new,marina_directory,,,,,,,,,,,,,,,,Sat Feb 28 2026 03:36:37 GMT+0000 (Coordinated Universal Time),marine,,,existing - not individually reverified,No,,,,,,,,,,Existing CRM row carried forward; not individually enriched in this first pass.,low,2026-05-21,,Not populated in this pass - needs manual web/phone verification,
Royal Victoria Yacht Club,Marina Contact,,,3475 Ripon Rd,Capital Regional District,British Columbia,V8R 6H1,CA,-,new,marina_directory,,,,,,,,,,,,,,,,Sat Feb 28 2026 03:36:37 GMT+0000 (Coordinated Universal Time),marine,,,existing - not individually reverified,No,,,,,,,,https://www.rvyc.bc.ca/,,Existing CRM row carried forward; not individually enriched in this first pass.,low,2026-05-21,https://www.rvyc.bc.ca/,Populated from Royal Victoria Yacht Club public address,medium
Royal Victoria Yacht Club - Tsehum Haven,Marina Contact,,,,Capital Regional District,British Columbia,,CA,-,new,marina_directory,,,,,,,,,,,,,,,,Sat Feb 28 2026 03:36:37 GMT+0000 (Coordinated Universal Time),marine,,,existing - not individually reverified,No,,,,,,,,,,Existing CRM row carried forward; not individually enriched in this first pass.,low,2026-05-21,,Not populated in this pass - needs manual web/phone verification,
Rushbrook Harbour,Marina Contact,,,,Skeena-Queen Charlotte Regional District,British Columbia,,CA,-,new,marina_directory,,,,,,,,,,,,,,,,Sat Feb 28 2026 03:36:37 GMT+0000 (Coordinated Universal Time),marine,,,existing - not individually reverified,No,,,,,,,,,,Existing CRM row carried forward; not individually enriched in this first pass.,low,2026-05-21,,Not populated in this pass - needs manual web/phone verification,
Sailor's Cove Marina,Marina Contact,,,,Capital Regional District,British Columbia,,CA,-,new,marina_directory,,,,,,,,,,,,,,,,Sat Feb 28 2026 03:36:37 GMT+0000 (Coordinated Universal Time),marine,,,existing - not individually reverified,No,,,,,,,,,,Existing CRM row carried forward; not individually enriched in this first pass.,low,2026-05-21,,Not populated in this pass - needs manual web/phone verification,
Salmon Point RV Resort and Marina,Marina Contact,,,,Comox Valley Regional District,British Columbia,,CA,-,new,marina_directory,,,,,,,,,,,,,,,,Sat Feb 28 2026 03:36:37 GMT+0000 (Coordinated Universal Time),marine,,,existing - not individually reverified,No,,,,,,,,,,Existing CRM row carried forward; not individually enriched in this first pass.,low,2026-05-21,,Not populated in this pass - needs manual web/phone verification,
Salt Spring Marina,Marina Contact,,,126 Upper Ganges Rd,Capital Regional District,British Columbia,V8K 2S2,CA,-,new,marina_directory,,,,,,,,,,,,,,,,Sat Feb 28 2026 03:36:37 GMT+0000 (Coordinated Universal Time),marine,,,existing - enriched from web,No,30A / 50A,Yes,Yes,,,Yes,30/50 amp service listed.,https://www.predictwind.com/marinas/canada/british-columbia,,,medium,2026-05-21,https://saltspringmarina.com/,Populated from Salt Spring Marina public address,high
Sea Otter Lodge,Marina Contact,,,,Strathcona Regional District,British Columbia,,CA,-,new,marina_directory,,,,,,,,,,,,,,,,Sat Feb 28 2026 03:36:37 GMT+0000 (Coordinated Universal Time),marine,,,existing - not individually reverified,No,,,,,,,,,,Existing CRM row carried forward; not individually enriched in this first pass.,low,2026-05-21,,Not populated in this pass - needs manual web/phone verification,
Secret Cove Marina and Anchorage,Marina Contact,,,5411 Secret Cove Rd,Sunshine Coast Regional District,British Columbia,V0N 1Y2,CA,-,new,marina_directory,,,,,,,,,,,,,,,,Sat Feb 28 2026 03:36:37 GMT+0000 (Coordinated Universal Time),marine,,,existing - not individually reverified,No,,,,,,,,https://secretcovemarina.com/,,Existing CRM row carried forward; not individually enriched in this first pass.,low,2026-05-21,https://secretcovemarina.com/,Populated from Secret Cove Marina public address,medium
Sewell’s Marina,Marina Contact,,,6409 Bay St,Metro Vancouver Regional District,British Columbia,V7W 2H1,CA,-,new,marina_directory,,,,,,,,,,,,,,,,Sat Feb 28 2026 03:36:37 GMT+0000 (Coordinated Universal Time),marine,,,existing - not individually reverified,No,,,,,,,,https://sewellsmarina.com/,,Existing CRM row carried forward; not individually enriched in this first pass.,low,2026-05-21,https://sewellsmarina.com/,Populated from Sewell's Marina public address,medium
Shawl Bay Marina,Marina Contact,,,,Shawl Bay,British Columbia,,CA,-,new,marina_directory,,,,,,,,,,,,,,,,Sat Feb 28 2026 03:36:37 GMT+0000 (Coordinated Universal Time),marine,,,existing - not individually reverified,No,,,,,,,,,,Existing CRM row carried forward; not individually enriched in this first pass.,low,2026-05-21,,Not populated in this pass - needs manual web/phone verification,
SHEARWATER MARINE RESORT,Marina Contact,,,,Central Coast Regional District,British Columbia,,CA,-,new,marina_directory,,,,,,,,,,,,,,,,Sat Feb 28 2026 03:36:37 GMT+0000 (Coordinated Universal Time),marine,,,existing - enriched from web,No,15A / 30A / 50A,Yes,Yes,Yes,,Yes,15/30/50 amp service listed.,https://www.predictwind.com/marinas/canada/british-columbia,,,medium,2026-05-21,,Not populated in this pass - needs manual web/phone verification,
Shelter Island Marina & Boatyard,Marina Contact,,,6911 Graybar Rd,Metro Vancouver Regional District,British Columbia,V6W 1H3,CA,-,new,marina_directory,,,,,,,,,,,,,,,,Sat Feb 28 2026 03:36:37 GMT+0000 (Coordinated Universal Time),marine,,,existing - not individually reverified,No,,,,,,,,https://www.shelterislandmarina.com/,,Existing CRM row carried forward; not individually enriched in this first pass.,low,2026-05-21,https://www.shelterislandmarina.com/,Populated from Shelter Island Marina public address,medium
Silva Bay Resort & Marina Ltd,Marina Contact,,,,Regional District of Nanaimo,British Columbia,,CA,-,new,marina_directory,,,,,,,,,,,,,,,,Sat Feb 28 2026 03:36:37 GMT+0000 (Coordinated Universal Time),marine,,,existing - not individually reverified,No,,,,,,,,,,Existing CRM row carried forward; not individually enriched in this first pass.,low,2026-05-21,,Not populated in this pass - needs manual web/phone verification,
Skyline Marina,Marina Contact,,,,Richmond,British Columbia,,CA,-,new,marina_directory,,,,,,,,,,,,,,,,Sat Feb 28 2026 03:36:37 GMT+0000 (Coordinated Universal Time),marine,,,existing - not individually reverified,No,,,,,,,,,,Existing CRM row carried forward; not individually enriched in this first pass.,low,2026-05-21,,Not populated in this pass - needs manual web/phone verification,
Sointula Harbour,Marina Contact,,,,Regional District of Mount Waddington,British Columbia,,CA,-,new,marina_directory,,,,,,,,,,,,,,,,Sat Feb 28 2026 03:36:37 GMT+0000 (Coordinated Universal Time),marine,,,existing - not individually reverified,No,,,,,,,,,,Existing CRM row carried forward; not individually enriched in this first pass.,low,2026-05-21,,Not populated in this pass - needs manual web/phone verification,
Sooke Harbour Authority,Marina Contact,,,,Capital Regional District,British Columbia,,CA,-,new,marina_directory,,,,,,,,,,,,,,,,Sat Feb 28 2026 03:36:37 GMT+0000 (Coordinated Universal Time),marine,,,existing - not individually reverified,No,,,,,,,,,,Existing CRM row carried forward; not individually enriched in this first pass.,low,2026-05-21,,Not populated in this pass - needs manual web/phone verification,
Sooke Harbour Marina,Marina Contact,,,,Capital Regional District,British Columbia,,CA,-,new,marina_directory,,,,,,,,,,,,,,,,Sat Feb 28 2026 03:36:37 GMT+0000 (Coordinated Universal Time),marine,,,existing - not individually reverified,No,,,,,,,,,,Existing CRM row carried forward; not individually enriched in this first pass.,low,2026-05-21,,Not populated in this pass - needs manual web/phone verification,
Sooke Landing Marina,Marina Contact,,,6585 Goodmere Rd,Capital Regional District,British Columbia,V9Z 0X1,CA,-,new,marina_directory,,,,,,,,,,,,,,,,Sat Feb 28 2026 03:36:37 GMT+0000 (Coordinated Universal Time),marine,,,existing - not individually reverified,No,,,,,,,,https://www.predictwind.com/marinas/canada/british-columbia,,Existing CRM row carried forward; not individually enriched in this first pass.,low,2026-05-21,https://www.predictwind.com/marinas/canada/british-columbia,Populated from PredictWind BC marina directory,high
Sproat Lake Marina,Marina Contact,,,,Regional District of Alberni-Clayoquot,British Columbia,,CA,-,new,marina_directory,,,,,,,,,,,,,,,,Sat Feb 28 2026 03:36:37 GMT+0000 (Coordinated Universal Time),marine,,,existing - not individually reverified,No,,,,,,,,,,Existing CRM row carried forward; not individually enriched in this first pass.,low,2026-05-21,,Not populated in this pass - needs manual web/phone verification,
Spruce Harbour Marina,Marina Contact,,,,Metro Vancouver Regional District,British Columbia,,CA,-,new,marina_directory,,,,,,,,,,,,,,,,Sat Feb 28 2026 03:36:37 GMT+0000 (Coordinated Universal Time),marine,,,existing - not individually reverified,No,,,,,,,,,,Existing CRM row carried forward; not individually enriched in this first pass.,low,2026-05-21,,Not populated in this pass - needs manual web/phone verification,
Squamish Harbour Authority,Marina Contact,,,,Squamish-Lillooet Regional District,British Columbia,,CA,-,new,marina_directory,,,,,,,,,,,,,,,,Sat Feb 28 2026 03:36:37 GMT+0000 (Coordinated Universal Time),marine,,,existing - not individually reverified,No,,,,,,,,,,Existing CRM row carried forward; not individually enriched in this first pass.,low,2026-05-21,,Not populated in this pass - needs manual web/phone verification,
Starlite Marina,Marina Contact,,,,Regional District of Okanagan-Similkameen,British Columbia,,CA,-,new,marina_directory,,,,,,,,,,,,,,,,Sat Feb 28 2026 03:36:37 GMT+0000 (Coordinated Universal Time),marine,,,existing - not individually reverified,No,,,,,,,,,,Existing CRM row carried forward; not individually enriched in this first pass.,low,2026-05-21,,Not populated in this pass - needs manual web/phone verification,
Steveston Harbour Authority Gulf Sitek,Marina Contact,,,,Richmond,British Columbia,,CA,-,new,marina_directory,,,,,,,,,,,,,,,,Sat Feb 28 2026 03:36:37 GMT+0000 (Coordinated Universal Time),marine,,,existing - not individually reverified,No,,,,,,,,,,Existing CRM row carried forward; not individually enriched in this first pass.,low,2026-05-21,,Not populated in this pass - needs manual web/phone verification,
STEVESTON HARBOUR-Paramount Pond,Marina Contact,,,,Richmond,British Columbia,,CA,-,new,marina_directory,,,,,,,,,,,,,,,,Sat Feb 28 2026 03:36:37 GMT+0000 (Coordinated Universal Time),marine,,,existing - not individually reverified,No,,,,,,,,,,Existing CRM row carried forward; not individually enriched in this first pass.,low,2026-05-21,,Not populated in this pass - needs manual web/phone verification,
Stones Marina,Marina Contact,,,,Regional District of Nanaimo,British Columbia,,CA,-,new,marina_directory,,,,,,,,,,,,,,,,Sat Feb 28 2026 03:36:37 GMT+0000 (Coordinated Universal Time),marine,,,existing - not individually reverified,No,,,,,,,,,,Existing CRM row carried forward; not individually enriched in this first pass.,low,2026-05-21,,Not populated in this pass - needs manual web/phone verification,
Sunny Shores Resort & Marina Ltd,Marina Contact,,,,Capital Regional District,British Columbia,,CA,-,new,marina_directory,,,,,,,,,,,,,,,,Sat Feb 28 2026 03:36:37 GMT+0000 (Coordinated Universal Time),marine,,,existing - not individually reverified,No,,,,,,,,,,Existing CRM row carried forward; not individually enriched in this first pass.,low,2026-05-21,,Not populated in this pass - needs manual web/phone verification,
Sunset Marina,Marina Contact,,,,Metro Vancouver Regional District,British Columbia,,CA,-,new,marina_directory,,,,,,,,,,,,,,,,Sat Feb 28 2026 03:36:37 GMT+0000 (Coordinated Universal Time),marine,,,existing - not individually reverified,No,,,,,,,,,,Existing CRM row carried forward; not individually enriched in this first pass.,low,2026-05-21,,Not populated in this pass - needs manual web/phone verification,
Sunshine Beach PRIVATE Marina,Marina Contact,,,,Regional District of Nanaimo,British Columbia,,CA,-,new,marina_directory,,,,,,,,,,,,,,,,Sat Feb 28 2026 03:36:37 GMT+0000 (Coordinated Universal Time),marine,,,existing - not individually reverified,No,,,,,,,,,,Existing CRM row carried forward; not individually enriched in this first pass.,low,2026-05-21,,Not populated in this pass - needs manual web/phone verification,
Sunshine Coast Resort Hotel & Marina,Marina Contact,,,,Sunshine Coast Regional District,British Columbia,,CA,-,new,marina_directory,,,,,,,,,,,,,,,,Sat Feb 28 2026 03:36:37 GMT+0000 (Coordinated Universal Time),marine,,,existing - not individually reverified,No,,,,,,,,,,Existing CRM row carried forward; not individually enriched in this first pass.,low,2026-05-21,,Not populated in this pass - needs manual web/phone verification,
Syd's Marina,Marina Contact,,,1220 S Dyke Rd,Delta,British Columbia,V3M 6T3,CA,-,new,marina_directory,,,,,,,,,,,,,,,,Sat Feb 28 2026 03:36:37 GMT+0000 (Coordinated Universal Time),marine,,,existing - not individually reverified,No,,,,,,,,https://www.predictwind.com/marinas/canada/british-columbia,,Existing CRM row carried forward; not individually enriched in this first pass.,low,2026-05-21,https://www.predictwind.com/marinas/canada/british-columbia,Populated from PredictWind BC marina directory,high
Telegraph Cove Resort,Marina Contact,,,1610 Telegraph Cove Rd,Regional District of Mount Waddington,British Columbia,V0N 3J0,CA,-,new,marina_directory,,,,,,,,,,,,,,,,Sat Feb 28 2026 03:36:37 GMT+0000 (Coordinated Universal Time),marine,,,existing - not individually reverified,No,,,,,,,,https://telegraphcoveresort.com/,,Existing CRM row carried forward; not individually enriched in this first pass.,low,2026-05-21,https://telegraphcoveresort.com/,Populated from Telegraph Cove Resort public address,medium
Telegraph Harbour Marina,Marina Contact,,,76 Marina Dr,Thetis Island,British Columbia,V0R 2Y0,CA,-,new,marina_directory,,,,,,,,,,,,,,,,Sat Feb 28 2026 03:36:37 GMT+0000 (Coordinated Universal Time),marine,,,existing - not individually reverified,No,,,,,,,,https://telegraphharbour.com/,,Existing CRM row carried forward; not individually enriched in this first pass.,low,2026-05-21,https://telegraphharbour.com/,Populated from Telegraph Harbour Marina public address,medium
Texada Boat Yard,Marina Contact,,,,Powell River Regional District,British Columbia,,CA,-,new,marina_directory,,,,,,,,,,,,,,,,Sat Feb 28 2026 03:36:37 GMT+0000 (Coordinated Universal Time),marine,,,existing - not individually reverified,No,,,,,,,,,,Existing CRM row carried forward; not individually enriched in this first pass.,low,2026-05-21,,Not populated in this pass - needs manual web/phone verification,
The Fisherman’s Landing and Lodge,Marina Contact,,,,Strathcona Regional District,British Columbia,,CA,-,new,marina_directory,,,,,,,,,,,,,,,,Sat Feb 28 2026 03:36:37 GMT+0000 (Coordinated Universal Time),marine,,,existing - not individually reverified,No,,,,,,,,,,Existing CRM row carried forward; not individually enriched in this first pass.,low,2026-05-21,,Not populated in this pass - needs manual web/phone verification,
The Outpost at Winter Harbour,Marina Contact,,,,Regional District of Mount Waddington,British Columbia,,CA,-,new,marina_directory,,,,,,,,,,,,,,,,Sat Feb 28 2026 03:36:37 GMT+0000 (Coordinated Universal Time),marine,,,existing - not individually reverified,No,,,,,,,,,,Existing CRM row carried forward; not individually enriched in this first pass.,low,2026-05-21,,Not populated in this pass - needs manual web/phone verification,
Thetis Island Marina and Resort,Marina Contact,,,46 Harbour Rd,Cowichan Valley Regional District,British Columbia,V0R 2Y0,CA,-,new,marina_directory,,,,,,,,,,,,,,,,Sat Feb 28 2026 03:36:37 GMT+0000 (Coordinated Universal Time),marine,,,existing - not individually reverified,No,,,,,,,,https://thetisisland.com/,,Existing CRM row carried forward; not individually enriched in this first pass.,low,2026-05-21,https://thetisisland.com/,Populated from Thetis Island Marina public address,medium
Thieves Bay Marina,Marina Contact,,,,Capital Regional District,British Columbia,,CA,-,new,marina_directory,,,,,,,,,,,,,,,,Sat Feb 28 2026 03:36:37 GMT+0000 (Coordinated Universal Time),marine,,,existing - not individually reverified,No,,,,,,,,,,Existing CRM row carried forward; not individually enriched in this first pass.,low,2026-05-21,,Not populated in this pass - needs manual web/phone verification,
Thunderbird Marina,Marina Contact,,,5776 Marine Dr,Metro Vancouver Regional District,British Columbia,V7W 2S2,CA,-,new,marina_directory,,,,,,,,,,,,,,,,Sat Feb 28 2026 03:36:37 GMT+0000 (Coordinated Universal Time),marine,,,existing - not individually reverified,No,,,,,,,,https://thunderbirdmarine.com/,,Existing CRM row carried forward; not individually enriched in this first pass.,low,2026-05-21,https://thunderbirdmarine.com/,Populated from Thunderbird Marina public address,medium
Toba Wilderness,Marina Contact,,,,Powell River Regional District,British Columbia,,CA,-,new,marina_directory,,,,,,,,,,,,,,,,Sat Feb 28 2026 03:36:37 GMT+0000 (Coordinated Universal Time),marine,,,existing - not individually reverified,No,,,,,,,,,,Existing CRM row carried forward; not individually enriched in this first pass.,low,2026-05-21,,Not populated in this pass - needs manual web/phone verification,
Tofino Harbour Authority,Marina Contact,,,,Regional District of Alberni-Clayoquot,British Columbia,,CA,-,new,marina_directory,,,,,,,,,,,,,,,,Sat Feb 28 2026 03:36:37 GMT+0000 (Coordinated Universal Time),marine,,,existing - not individually reverified,No,,,,,,,,,,Existing CRM row carried forward; not individually enriched in this first pass.,low,2026-05-21,,Not populated in this pass - needs manual web/phone verification,
Tofino Resort + Marina,Marina Contact,,,634 Campbell St,Regional District of Alberni-Clayoquot,British Columbia,V0R 2Z0,CA,-,new,marina_directory,,,,,,,,,,,,,,,,Sat Feb 28 2026 03:36:37 GMT+0000 (Coordinated Universal Time),marine,,,existing - not individually reverified,No,,,,,,,,https://tofinoresortandmarina.com/,,Existing CRM row carried forward; not individually enriched in this first pass.,low,2026-05-21,https://tofinoresortandmarina.com/,Populated from Tofino Resort + Marina public address,high
Townsite Marina Ltd,Marina Contact,,,,Regional District of Nanaimo,British Columbia,,CA,205,new,marina_directory,,,,,,,,,,,,,,,,Sat Feb 28 2026 03:36:37 GMT+0000 (Coordinated Universal Time),marine,,,existing - enriched from web,No,30A / 50A,Yes,Yes,,,Yes,205 slips; 30/50 amp listed.,https://www.predictwind.com/marinas/canada/british-columbia,,,medium,2026-05-21,,Not populated in this pass - needs manual web/phone verification,
Tuta Marina,Marina Contact,,,,Strathcona Regional District,British Columbia,,CA,-,new,marina_directory,,,,,,,,,,,,,,,,Sat Feb 28 2026 03:36:37 GMT+0000 (Coordinated Universal Time),marine,,,existing - not individually reverified,No,,,,,,,,,,Existing CRM row carried forward; not individually enriched in this first pass.,low,2026-05-21,,Not populated in this pass - needs manual web/phone verification,
Ucluelet Harbour,Marina Contact,,,,Regional District of Alberni-Clayoquot,British Columbia,,CA,-,new,marina_directory,,,,,,,,,,,,,,,,Sat Feb 28 2026 03:36:37 GMT+0000 (Coordinated Universal Time),marine,,,existing - not individually reverified,No,,,,,,,,,,Existing CRM row carried forward; not individually enriched in this first pass.,low,2026-05-21,,Not populated in this pass - needs manual web/phone verification,
Union Steamship Marina & Bowen Island Marina,Marina Contact,,,,Metro Vancouver Regional District,British Columbia,,CA,-,new,marina_directory,,,,,,,,,,,,,,,,Sat Feb 28 2026 03:36:37 GMT+0000 (Coordinated Universal Time),marine,,,existing - not individually reverified,No,,,,,,,,,,Existing CRM row carried forward; not individually enriched in this first pass.,low,2026-05-21,,Not populated in this pass - needs manual web/phone verification,
Upnit Lodge & Marina,Marina Contact,,,,Regional District of Alberni-Clayoquot,British Columbia,,CA,-,new,marina_directory,,,,,,,,,,,,,,,,Sat Feb 28 2026 03:36:37 GMT+0000 (Coordinated Universal Time),marine,,,existing - not individually reverified,No,,,,,,,,,,Existing CRM row carried forward; not individually enriched in this first pass.,low,2026-05-21,,Not populated in this pass - needs manual web/phone verification,
Van Isle Marina,Marina Contact,,,2320 Harbour Rd,Capital Regional District,British Columbia,V8L 2P6,CA,-,new,marina_directory,,,,,,,,,,,,,,,,Sat Feb 28 2026 03:36:37 GMT+0000 (Coordinated Universal Time),marine,,,existing - enriched from web,No,15A / 30A / 50A / 100A,Yes,Yes,Yes,Yes,Yes,15/30/50/100 amp listed; large destination marina.,https://www.predictwind.com/marinas/canada/british-columbia,,,medium,2026-05-21,https://vanislemarina.com/,Populated from Van Isle Marina public address,high
Vancouver Marina,Marina Contact,,,8211 River Rd,Richmond,British Columbia,V6X 1X8,CA,-,new,marina_directory,,,,,,,,,,,,,,,,Sat Feb 28 2026 03:36:37 GMT+0000 (Coordinated Universal Time),marine,,,existing - not individually reverified,No,,,,,,,,https://vancouvermarina.com/,,Existing CRM row carried forward; not individually enriched in this first pass.,low,2026-05-21,https://vancouvermarina.com/,Populated from Vancouver Marina public address,medium
Vesuvius Bay,Marina Contact,,,,Capital Regional District,British Columbia,,CA,-,new,marina_directory,,,,,,,,,,,,,,,,Sat Feb 28 2026 03:36:37 GMT+0000 (Coordinated Universal Time),marine,,,existing - not individually reverified,No,,,,,,,,,,Existing CRM row carried forward; not individually enriched in this first pass.,low,2026-05-21,,Not populated in this pass - needs manual web/phone verification,
Victoria International Marina,Marina Contact,,,1 Cooperage Pl,Capital Regional District,British Columbia,V9A 7J9,CA,-,new,marina_directory,,,,,,,,,,,,,,,,Sat Feb 28 2026 03:36:37 GMT+0000 (Coordinated Universal Time),marine,,,existing - not individually reverified,No,,,,,,,,https://vimarina.ca/,,Existing CRM row carried forward; not individually enriched in this first pass.,low,2026-05-21,https://vimarina.ca/,Populated from Victoria International Marina public address,high
Village Marina,Marina Contact,,,,Capital Regional District,British Columbia,,CA,-,new,marina_directory,,,,,,,,,,,,,,,,Sat Feb 28 2026 03:36:37 GMT+0000 (Coordinated Universal Time),marine,,,existing - enriched from web,No,20A / 30A / 50A,Yes,Yes,,,Yes,"2,200 ft of moorage; 20/30/50 amp listed.",https://www.predictwind.com/marinas/canada/british-columbia,,,medium,2026-05-21,,Not populated in this pass - needs manual web/phone verification,
W. E. Mills Landing & Marina,Marina Contact,,,,Regional District of Nanaimo,British Columbia,,CA,-,new,marina_directory,,,,,,,,,,,,,,,,Sat Feb 28 2026 03:36:37 GMT+0000 (Coordinated Universal Time),marine,,,existing - not individually reverified,No,,,,,,,,,,Existing CRM row carried forward; not individually enriched in this first pass.,low,2026-05-21,,Not populated in this pass - needs manual web/phone verification,
Ward's Marina,Marina Contact,,,,Metro Vancouver Regional District,British Columbia,,CA,-,new,marina_directory,,,,,,,,,,,,,,,,Sat Feb 28 2026 03:36:37 GMT+0000 (Coordinated Universal Time),marine,,,existing - not individually reverified,No,,,,,,,,,,Existing CRM row carried forward; not individually enriched in this first pass.,low,2026-05-21,,Not populated in this pass - needs manual web/phone verification,
Waterfront Suites & Marina,Marina Contact,,,,Regional District of Nanaimo,British Columbia,,CA,-,new,marina_directory,,,,,,,,,,,,,,,,Sat Feb 28 2026 03:36:37 GMT+0000 (Coordinated Universal Time),marine,,,existing - not individually reverified,No,,,,,,,,,,Existing CRM row carried forward; not individually enriched in this first pass.,low,2026-05-21,,Not populated in this pass - needs manual web/phone verification,
West Vancouver Marina,Marina Contact,,,,Metro Vancouver Regional District,British Columbia,,CA,-,new,marina_directory,,,,,,,,,,,,,,,,Sat Feb 28 2026 03:36:37 GMT+0000 (Coordinated Universal Time),marine,,,existing - not individually reverified,No,,,,,,,,,,Existing CRM row carried forward; not individually enriched in this first pass.,low,2026-05-21,,Not populated in this pass - needs manual web/phone verification,
West Vancouver Yacht Club,Marina Contact,,,,Metro Vancouver Regional District,British Columbia,,CA,-,new,marina_directory,,,,,,,,,,,,,,,,Sat Feb 28 2026 03:36:37 GMT+0000 (Coordinated Universal Time),marine,,,existing - enriched from web,No,15A / 30A,Yes,Unknown,,,Yes,15/30 amp power listed.,https://www.predictwind.com/marinas/canada/british-columbia,,,medium,2026-05-21,,Not populated in this pass - needs manual web/phone verification,
Westbay Marine Village,Marina Contact,,,453 Head St,Capital Regional District,British Columbia,V9A 5S1,CA,-,new,marina_directory,,,,,,,,,,,,,,,,Sat Feb 28 2026 03:36:37 GMT+0000 (Coordinated Universal Time),marine,,,existing - not individually reverified,No,,,,,,,,https://westbay.bc.ca/,,Existing CRM row carried forward; not individually enriched in this first pass.,low,2026-05-21,https://westbay.bc.ca/,Populated from Westbay Marine Village public address,medium
Westport Marina,Marina Contact,,,,Capital Regional District,British Columbia,,CA,-,new,marina_directory,,,,,,,,,,,,,,,,Sat Feb 28 2026 03:36:37 GMT+0000 (Coordinated Universal Time),marine,,,existing - not individually reverified,No,,,,,,,,,,Existing CRM row carried forward; not individually enriched in this first pass.,low,2026-05-21,,Not populated in this pass - needs manual web/phone verification,
Westview Marina and Lodging,Marina Contact,,,,Strathcona Regional District,British Columbia,,CA,-,new,marina_directory,,,,,,,,,,,,,,,,Sat Feb 28 2026 03:36:37 GMT+0000 (Coordinated Universal Time),marine,,,existing - not individually reverified,No,,,,,,,,,,Existing CRM row carried forward; not individually enriched in this first pass.,low,2026-05-21,,Not populated in this pass - needs manual web/phone verification,
Wharf Street & Hyack,Marina Contact,,,,Capital Regional District,British Columbia,,CA,-,new,marina_directory,,,,,,,,,,,,,,,,Sat Feb 28 2026 03:36:37 GMT+0000 (Coordinated Universal Time),marine,,,existing - not individually reverified,No,,,,,,,,,,Existing CRM row carried forward; not individually enriched in this first pass.,low,2026-05-21,,Not populated in this pass - needs manual web/phone verification,
Winter Harbour Marina and RV,Marina Contact,,,,Regional District of Mount Waddington,British Columbia,,CA,-,new,marina_directory,,,,,,,,,,,,,,,,Sat Feb 28 2026 03:36:37 GMT+0000 (Coordinated Universal Time),marine,,,existing - not individually reverified,No,,,,,,,,,,Existing CRM row carried forward; not individually enriched in this first pass.,low,2026-05-21,,Not populated in this pass - needs manual web/phone verification,
Zeballos Fuels & Marina,Marina Contact,,,,Strathcona Regional District,British Columbia,,CA,-,new,marina_directory,,,,,,,,,,,,,,,,Sat Feb 28 2026 03:36:37 GMT+0000 (Coordinated Universal Time),marine,,,existing - not individually reverified,No,,,,,,,,,,Existing CRM row carried forward; not individually enriched in this first pass.,low,2026-05-21,,Not populated in this pass - needs manual web/phone verification,
Test Marina,Trevor Burgess,trevor@voltsafe.com,7786880498,,North Vancouver,British Columbia,,CA,,new,Existing CRM export,,,,,,,,,,,,,,,,Sun Apr 12 2026 04:56:52 GMT+0000 (Coordinated Universal Time),marine,,,existing - not individually reverified,No,,,,,,,,,,Existing CRM row carried forward; not individually enriched in this first pass.,low,2026-05-21,,Not populated in this pass - needs manual web/phone verification,
Awis Guesthouse and Marina,Marina Contact,,,,Regional District of Alberni-Clayoquot,British Columbia,,CA,-,contacted,marina_directory,,,,,,,,,,,,,,,,Sat Feb 28 2026 03:36:37 GMT+0000 (Coordinated Universal Time),marine,,,existing - not individually reverified,No,,,,,,,,,,Existing CRM row carried forward; not individually enriched in this first pass.,low,2026-05-21,,Not populated in this pass - needs manual web/phone verification,
Royal Vancouver Yacht Club- Coal Harbour Station,Marina Contact,,,,Metro Vancouver Regional District,British Columbia,,CA,-,new,marina_directory,,,,,,,,,,,,,,,,Sat Feb 28 2026 03:36:37 GMT+0000 (Coordinated Universal Time),marine,,,existing - not individually reverified,No,,,,,,,,,,Existing CRM row carried forward; not individually enriched in this first pass.,low,2026-05-21,,Not populated in this pass - needs manual web/phone verification,
Buccaneer Marina,Marina Contact,,,,Sunshine Coast Regional District,British Columbia,,CA,-,contacted,marina_directory,,,,,,,,,,,,,,,,Sat Feb 28 2026 03:36:37 GMT+0000 (Coordinated Universal Time),marine,,,existing - not individually reverified,No,,,,,,,,,,Existing CRM row carried forward; not individually enriched in this first pass.,low,2026-05-21,,Not populated in this pass - needs manual web/phone verification,
Kelowna Yacht Club,Marina Contact,info@kelownayachtclub.com,250-762-3310,1370 Water St,Kelowna,British Columbia,V1Y 1J1,CA,1000+,new,Web research,Marina,,,Verify shore-power amperage and decision maker; qualify for VoltSafe pedestal/connectors + $15/month software.,,,,,,,freshwater marina scale / modernization,,1000,,,,marine,,,new lead - added from web research,Yes,Year-round secure mooring; power not specified in source,Unknown,Unknown,Unknown,Unknown,Unknown,"Canada's largest freshwater marina; over 1,000 slips.",https://www.kelownayachtclub.com/,https://www.kelownayachtclub.com/moorage,High-priority inland freshwater target due to scale.,high,2026-05-21,https://kelownayachtclub.com/,Populated from Kelowna Yacht Club public address,high
Downtown Kelowna Marina,Marina Contact,,,230 Queensway,Kelowna,British Columbia,V1Y 6S4,CA,68 itinerant / transient slips,new,Web research,Marina,,,Verify shore-power amperage and decision maker; qualify for VoltSafe pedestal/connectors + $15/month software.,,,,,,,,,,,,,marine,,,new lead - added from web research,Yes,Power not specified in source,Unknown,Unknown,Yes,Unknown,Yes,"68 itinerant slips, public pier, fuel, retail, rentals.",https://downtownkelownamarina.ca/,https://lake.com/attractions/downtown-marina-kelowna/,Commercial downtown marina; strong public-visitor use case.,medium,2026-05-21,https://downtownkelownamarina.ca/,Populated from Downtown Kelowna marina waterfront location,medium
Eldorado Resort Marina / Eldorado Yacht Club,Marina Contact,,,500 Cook Rd,Kelowna,British Columbia,V1W 3G9,CA,160+,new,Web research,Marina,,,Verify shore-power amperage and decision maker; qualify for VoltSafe pedestal/connectors + $15/month software.,,,,,,,,,,,,,marine,,,new lead - added from web research,Yes,Power not specified in source,Unknown,Unknown,Unknown,Unknown,Yes,Over 160 slips at Eldorado Resort / Yacht Club area.,https://eldoradoresort.ca/activities/marina/,https://eldoradoresort.ca/activities/yacht-club/,Resort marina; likely premium smart-pedestal fit but service details need follow-up.,medium,2026-05-21,https://www.eldoradoresort.ca/,Populated from Eldorado Resort public address,high
Penticton Yacht Club Marina,Marina Contact,,,293 Marina Way,Penticton,British Columbia,V2A 1H5,CA,450,new,Web research,Marina,,,Verify shore-power amperage and decision maker; qualify for VoltSafe pedestal/connectors + $15/month software.,,,,,,,,,450,,,,marine,,,new lead - added from web research,Yes,Electricity included / service available,Likely / verify amperage,Unknown,Unknown,Unknown,Yes,450 berths from 16-65 ft plus 18 visitor slips; electricity included in fee page.,https://pentictonyachtclub.com/marina/,https://pentictonyachtclub.com/rates-fees/,Large Okanagan freshwater marina; high-priority target.,high,2026-05-21,https://pentictonyachtclub.com/,Populated from Penticton Yacht Club public address,high
Vernon Yacht Club,Marina Contact,info@vernonyachtclub.com,250-545-5518,7919 Okanagan Landing Rd,Vernon,British Columbia,V1H 1H1,CA,285,new,Web research,Marina,,,Verify shore-power amperage and decision maker; qualify for VoltSafe pedestal/connectors + $15/month software.,,,,,,,,,,,,,marine,,,new lead - added from web research,Yes,Most slips full-service; amperage not specified,Likely / verify amperage,Unknown,Unknown,Unknown,Unknown,285 mooring slips; most are full-service.,https://www.vernonyachtclub.com/marina,https://www.vernonyachtclub.com/contact-us,Large Okanagan freshwater marina.,high,2026-05-21,https://vernonyachtclub.com/,Populated from Vernon Yacht Club public address,high
Peachland Yacht Club,Marina Contact,contact@peachlandyachtclub.com,,,Peachland,British Columbia,,CA,60,new,Web research,Marina,,,Verify shore-power amperage and decision maker; qualify for VoltSafe pedestal/connectors + $15/month software.,,,,,,,,,,,,,marine,,,new lead - added from web research,Yes,Power not specified in source,Unknown,Unknown,Unknown,Unknown,Limited / reciprocal,60 slips from 16-33 ft; members-only marina with limited visitor/reciprocal moorage.,https://peachlandyachtclub.com/about/,https://www.peachland.ca/marina,Smaller private-club target; lower priority than 200+ slip sites.,medium,2026-05-21,,Not populated in this pass - needs manual web/phone verification,
Summerland Yacht Club,Marina Contact,,,13209 Lakeshore Dr S,Summerland,British Columbia,V0H 1Z1,CA,,new,Web research,Marina,,,Verify shore-power amperage and decision maker; qualify for VoltSafe pedestal/connectors + $15/month software.,,,,,,,,,,,,,marine,,,new lead - added from web research,Yes,Power not specified in source,Unknown,Unknown,Unknown,Unknown,Reciprocal / visitor,Visitor/reciprocal moorage listed; slip count not found in first-pass sources.,https://www.summerlandyachtclub.com/,https://marinas.com/view/marina/2gcrjv_Summerland_Yacht_Club_Summerland_BC_Canada,Needs follow-up for slip count and electrical service.,medium,2026-05-21,https://summerlandyachtclub.com/,Populated from Summerland Yacht Club public address,high
Bruker Marina at Tobiano,Marina Contact,,,38 Holloway Dr / Tobiano Golf Course area,Tobiano,British Columbia,V1S 0B3,CA,220,new,Web research,Marina,,,Verify shore-power amperage and decision maker; qualify for VoltSafe pedestal/connectors + $15/month software.,,,,,,,,,,,,,marine,,,new lead - added from web research,Yes,Power not specified in source,Unknown,Unknown,Yes,Unknown,Yes,220 slips; seasonal/annual moorage; fuel dock.,https://www.tobiano.ca/bruker-marina/,https://www.tobiano.ca/bruker-marina/fuel-dock/,Kamloops-area freshwater target; strong fit for regional trip/outreach.,high,2026-05-21,https://brukermarina.com/,Populated from Bruker Marina / Tobiano public pages; exact marina dock address needs operator confirmation,medium
Old Town Bay Marina,Marina Contact,,,,Sicamous,British Columbia,,CA,,new,Web research,Marina,,,Verify shore-power amperage and decision maker; qualify for VoltSafe pedestal/connectors + $15/month software.,,,,,,,,,,,,,marine,,,new lead - added from web research,Yes,30A / 50A,Yes,Yes,Unknown,Unknown,Yes,Moorage rate pages list 30A and 50A power options.,https://oldtownbaymarina.com/moorage/,https://oldtownbaymarina.com/,High-value Shuswap target because 30/50A is explicitly published.,high,2026-05-21,,Not populated in this pass - needs manual web/phone verification,
The Marina Sicamous,Marina Contact,,,,Sicamous,British Columbia,,CA,,new,Web research,Marina,,,Verify shore-power amperage and decision maker; qualify for VoltSafe pedestal/connectors + $15/month software.,,,,,,,,,,,,,marine,,,new lead - added from web research,Yes,Power not specified in source,Unknown,Unknown,Yes,Unknown,Yes,Wet/dry moorage and fuel dock with gas/diesel listed.,https://www.marinasicamous.ca/,,Needs electrical service verification.,medium,2026-05-21,,Not populated in this pass - needs manual web/phone verification,
Splash Marina,Marina Contact,,,,Sicamous,British Columbia,,CA,,new,Web research,Marina,,,Verify shore-power amperage and decision maker; qualify for VoltSafe pedestal/connectors + $15/month software.,,,,,,,,,,,,,marine,,,new lead - added from web research,Yes,Power not specified in source,Unknown,Unknown,Unknown,Unknown,Yes,Wet/dry moorage and storage listed.,https://splashmarina.ca/,,Needs slip count and electrical verification.,medium,2026-05-21,,Not populated in this pass - needs manual web/phone verification,
Shuswap Waterfront Marina,Marina Contact,,,,Sicamous,British Columbia,,CA,,new,Web research,Marina,,,Verify shore-power amperage and decision maker; qualify for VoltSafe pedestal/connectors + $15/month software.,,,,,,,,,,,,,marine,,,new lead - added from web research,Yes,Power not specified in source,Unknown,Unknown,Unknown,Unknown,Yes,Secure boat moorage listed in Sicamous.,https://www.shuswapwaterfrontmarina.com/,,Needs slip count and electrical verification.,medium,2026-05-21,,Not populated in this pass - needs manual web/phone verification,
Shuswap Marina,Marina Contact,,,2127 Ingram Lane,Blind Bay,British Columbia,V0E 1H2,CA,,new,Web research,Marina,,,Verify shore-power amperage and decision maker; qualify for VoltSafe pedestal/connectors + $15/month software.,,,,,,,,,,,,,marine,,,new lead - added from web research,Yes,Power not specified in source,Unknown,Unknown,Yes,Unknown,Yes,"Full-service marina with year-round, seasonal and short-term moorage plus gas dock.",https://www.shuswapmarina.com/,,Needs slip count and electrical verification.,medium,2026-05-21,https://shuswapmarina.com/,Populated from Shuswap Marina public address,medium
Sea Dog Rentals & Marina,Marina Contact,,,,Salmon Arm,British Columbia,,CA,55,new,Web research,Marina,,,Verify shore-power amperage and decision maker; qualify for VoltSafe pedestal/connectors + $15/month software.,,,,,,,,,,,,,marine,,,new lead - added from web research,Yes,Power not specified in source,Unknown,Unknown,Unknown,Unknown,Yes,55 premium moorage slips listed.,https://www.seadogrentals.ca/marina/,,Smaller but useful Shuswap target.,medium,2026-05-21,,Not populated in this pass - needs manual web/phone verification,
LR Boatworld Marina,Marina Contact,,,2913 Buckley Rd,Sorrento / Shuswap Lake,British Columbia,V0E 2W1,CA,150,new,Web research,Marina,,,Verify shore-power amperage and decision maker; qualify for VoltSafe pedestal/connectors + $15/month software.,,,,,,,,,,,,,marine,,,new lead - added from web research,Yes,Power not specified in source,Unknown,Unknown,Unknown,Unknown,Unknown,150 moorage slips plus 200+ indoor boat storage listed.,https://lrboatworld.com/boat-moorage-storage/,,Marine dealer + marina/storage operator.,medium,2026-05-21,https://lrboatworld.com/,Populated from LR Boatworld public address,medium